bin1,bin2,ANI1,ANI2,AF1,AF2,classf1,size1,completeness1,redundancy1,classf2,size2,completeness2,redundancy2,contigL50.1,contigL50.2
3300009517-bin.15,3300026288-bin.32,99.92,99.92,0.91,0.66,'p__Bacteroidetes',4.296524,74.87073707,1.732673267,'p__Bacteroidetes',5.939362,97.02970297,0.99009901,6075,261034
3300009517-bin.19,3300026282-bin.11,99.83,99.83,0.55,0.96,'f__Comamonadaceae',3.940028,99.69040248,1.042311662,'f__Comamonadaceae',2.222644,63.88801102,1.238390093,152627,4741
3300009517-bin.19,3300026284-bin.18,99.01,99.01,0.84,0.94,'f__Comamonadaceae',3.940028,99.69040248,1.042311662,'f__Comamonadaceae',3.458563,94.33192113,2.435500516,152627,18742
3300009517-bin.19,3300026302-bin.10,99.99,99.99,0.98,0.99,'f__Comamonadaceae',3.940028,99.69040248,1.042311662,'f__Comamonadaceae',3.876006,99.94840041,1.042311662,152627,190275
3300009517-bin.20,3300026282-bin.15,99.96,99.96,0.98,0.97,'o__Actinomycetales',3.08495,96.03861004,4.630630631,'o__Actinomycetales',3.093982,98.01801802,0.540540541,65660,126231
3300009517-bin.20,3300026283-bin.10,99.96,99.96,0.98,0.97,'o__Actinomycetales',3.08495,96.03861004,4.630630631,'o__Actinomycetales',3.10017,98.01801802,0.540540541,65660,135323
3300009517-bin.20,3300026286-bin.24,99.96,99.96,0.98,0.98,'o__Actinomycetales',3.08495,96.03861004,4.630630631,'o__Actinomycetales',3.05691,98.01801802,0.540540541,65660,119990
3300009517-bin.20,3300026287-bin.39,99.96,99.96,0.98,0.97,'o__Actinomycetales',3.08495,96.03861004,4.630630631,'o__Actinomycetales',3.089216,98.01801802,0.540540541,65660,143729
3300009517-bin.20,3300026288-bin.39,99.96,99.96,0.97,0.97,'o__Actinomycetales',3.08495,96.03861004,4.630630631,'o__Actinomycetales',3.067318,95.85585586,0.585585586,65660,156346
3300009517-bin.20,3300026289-bin.16,99.94,99.95,0.51,0.94,'o__Actinomycetales',3.08495,96.03861004,4.630630631,'k__Bacteria',1.66391,46.72413793,0,65660,4483
3300009517-bin.20,3300026299-bin.22,99.96,99.96,0.98,0.97,'o__Actinomycetales',3.08495,96.03861004,4.630630631,'o__Actinomycetales',3.08373,98.01801802,0.540540541,65660,156535
3300009517-bin.20,3300026302-bin.26,99.96,99.96,0.98,0.96,'o__Actinomycetales',3.08495,96.03861004,4.630630631,'o__Actinomycetales',3.142539,98.01801802,0.617760618,65660,135323
3300009517-bin.20,3300026303-bin.14,99.93,99.93,0.51,0.93,'o__Actinomycetales',3.08495,96.03861004,4.630630631,'o__Actinomycetales',1.700865,48.37966538,0,65660,4766
3300009517-bin.21,3300026282-bin.21,99.99,99.99,0.92,0.97,'p__Bacteroidetes',4.185784,99.01477833,0,'p__Bacteroidetes',3.977724,96.4969896,1.477832512,493849,19215
3300009517-bin.21,3300026283-bin.9,99.99,99.99,0.79,0.96,'p__Bacteroidetes',4.185784,99.01477833,0,'p__Bacteroidetes',3.428687,83.97372742,0,493849,7813
3300009517-bin.21,3300026284-bin.28,100,100,1,1,'p__Bacteroidetes',4.185784,99.01477833,0,'p__Bacteroidetes',4.19613,99.01477833,0.492610837,493849,247555
3300009517-bin.21,3300026287-bin.13,100,100,0.99,0.99,'p__Bacteroidetes',4.185784,99.01477833,0,'p__Bacteroidetes',4.189527,99.50738916,0,493849,431849
3300009517-bin.21,3300026288-bin.16,100,100,0.98,1,'p__Bacteroidetes',4.185784,99.01477833,0,'p__Bacteroidetes',4.117668,97.04433498,0,493849,178479
3300009517-bin.21,3300026299-bin.50,100,100,0.98,1,'p__Bacteroidetes',4.185784,99.01477833,0,'p__Bacteroidetes',4.096449,95.56650246,0,493849,792714
3300009517-bin.21,3300026303-bin.42,100,100,0.99,1,'p__Bacteroidetes',4.185784,99.01477833,0,'p__Bacteroidetes',4.147469,98.02955665,0,493849,766094
3300009517-bin.25,3300026283-bin.20,99.99,99.99,0.98,0.97,'o__Actinomycetales',4.139388,98.86486486,0.540540541,'o__Actinomycetales',4.155238,98.91891892,1.081081081,106523,63016
3300009517-bin.25,3300026286-bin.27,99.99,99.99,0.98,0.98,'o__Actinomycetales',4.139388,98.86486486,0.540540541,'o__Actinomycetales',4.129518,98.91891892,0.594594595,106523,103643
3300009517-bin.28,3300026284-bin.9,99.8,99.8,0.91,0.65,'c__Betaproteobacteria',3.39122,77.27137288,1.666666667,'c__Betaproteobacteria',4.755952,99.84126984,0.238095238,6332,130909
3300009517-bin.28,3300026303-bin.18,99.82,99.82,0.91,0.66,'c__Betaproteobacteria',3.39122,77.27137288,1.666666667,'c__Betaproteobacteria',4.673485,99.36507937,0.238095238,6332,123869
3300009517-bin.29,3300026286-bin.33,99.82,99.83,0.63,0.95,'o__Rhizobiales',3.589362,98.53709509,0.167189133,'o__Rhizobiales',2.387271,68.32103902,1.195228822,409678,4892
3300009517-bin.29,3300026302-bin.42,99.99,99.99,0.97,0.99,'o__Rhizobiales',3.589362,98.53709509,0.167189133,'o__Rhizobiales',3.520126,98.27586207,0,409678,116364
3300009517-bin.3,3300026286-bin.15,100,100,0.97,0.98,'o__Actinomycetales',3.662903,98.95264117,0.546448087,'o__Actinomycetales',3.641867,98.64864865,0.725868726,118864,43093
3300009517-bin.3,3300026302-bin.19,99.99,99.99,0.95,0.99,'o__Actinomycetales',3.662903,98.95264117,0.546448087,'o__Actinomycetales',3.537019,97.2972973,0.648648649,118864,118123
3300009517-bin.30,3300026282-bin.17,99.9,99.9,0.97,0.99,'o__Flavobacteriales',2.78366,100,0.490196078,'o__Flavobacteriales',2.748949,99.26470588,0.245098039,310039,170194
3300009517-bin.30,3300026283-bin.26,99.9,99.9,0.98,0.97,'o__Flavobacteriales',2.78366,100,0.490196078,'o__Flavobacteriales',2.829154,99.50980392,0.245098039,310039,230994
3300009517-bin.30,3300026288-bin.5,99.92,99.92,0.99,0.98,'o__Flavobacteriales',2.78366,100,0.490196078,'o__Flavobacteriales',2.81079,99.50980392,0.408496732,310039,104072
3300009517-bin.36,3300026288-bin.17,99.98,99.98,0.95,0.9,'k__Bacteria',4.795255,91.16809117,0.427350427,'k__Bacteria',5.081691,97.43589744,0.56980057,43942,306079
3300009517-bin.36,3300026302-bin.62,99.97,99.97,0.95,0.89,'k__Bacteria',4.795255,91.16809117,0.427350427,'k__Bacteria',5.174124,97.43589744,0.56980057,43942,386936
3300009517-bin.37,3300026283-bin.13,100,100,0.99,0.99,'f__Xanthomonadaceae',3.615735,99.60591133,0.890804598,'f__Xanthomonadaceae',3.628147,99.76108374,0.890804598,242245,152113
3300009517-bin.37,3300026288-bin.14,99.99,99.99,0.94,0.97,'f__Xanthomonadaceae',3.615735,99.60591133,0.890804598,'k__Bacteria',3.514763,83.07210031,0,242245,24898
3300009517-bin.37,3300026302-bin.46,100,100,1,0.99,'f__Xanthomonadaceae',3.615735,99.60591133,0.890804598,'f__Xanthomonadaceae',3.641589,99.95073892,0.890804598,242245,237239
3300009517-bin.37,3300026303-bin.22,99.97,99.97,0.92,0.95,'f__Xanthomonadaceae',3.615735,99.60591133,0.890804598,'f__Xanthomonadaceae',3.519879,93.76598497,1.881922675,242245,17578
3300009517-bin.39,3300026283-bin.4,99.54,99.54,0.97,0.92,'f__Xanthomonadaceae',2.769552,98.12643678,0.915161467,'f__Xanthomonadaceae',2.875643,98.90804598,0,54738,161895
3300009517-bin.39,3300026284-bin.15,99.55,99.55,0.97,0.92,'f__Xanthomonadaceae',2.769552,98.12643678,0.915161467,'f__Xanthomonadaceae',2.88815,99.02298851,0.344827586,54738,848070
3300009517-bin.39,3300026286-bin.1,99.99,99.99,0.97,0.97,'f__Xanthomonadaceae',2.769552,98.12643678,0.915161467,'f__Xanthomonadaceae',2.745507,99.02298851,0,54738,343055
3300009517-bin.39,3300026287-bin.1,99.55,99.55,0.97,0.91,'f__Xanthomonadaceae',2.769552,98.12643678,0.915161467,'f__Xanthomonadaceae',2.902371,99.02298851,0,54738,221470
3300009517-bin.39,3300026288-bin.42,99.58,99.58,0.92,0.97,'f__Xanthomonadaceae',2.769552,98.12643678,0.915161467,'f__Xanthomonadaceae',2.566944,92.81609195,0.344827586,54738,61114
3300009517-bin.39,3300026299-bin.44,99.55,99.55,0.96,0.92,'f__Xanthomonadaceae',2.769552,98.12643678,0.915161467,'f__Xanthomonadaceae',2.861602,99.02298851,0,54738,285387
3300009517-bin.39,3300026302-bin.47,99.54,99.54,0.97,0.89,'f__Xanthomonadaceae',2.769552,98.12643678,0.915161467,'f__Xanthomonadaceae',2.992856,99.02298851,0,54738,1643145
3300009517-bin.4,3300026286-bin.18,99.96,99.96,0.93,0.97,'o__Burkholderiales',3.391324,99.29906542,0.992990654,'o__Burkholderiales',3.242642,94.46509487,1.433021807,88820,19514
3300009517-bin.4,3300026288-bin.45,99.87,99.87,0.98,0.99,'o__Burkholderiales',3.391324,99.29906542,0.992990654,'o__Burkholderiales',3.349126,99.76635514,0.46728972,88820,137494
3300009517-bin.4,3300026302-bin.31,99.98,99.98,0.99,0.98,'o__Burkholderiales',3.391324,99.29906542,0.992990654,'o__Burkholderiales',3.411196,99.25658454,0.962900028,88820,145598
3300009517-bin.42,3300026286-bin.32,99.94,99.94,0.59,0.93,'o__Burkholderiales',6.437877,99.6105919,2.831553182,'o__Burkholderiales',4.113334,64.8055741,0.767690254,139544,4837
3300009517-bin.42,3300026302-bin.60,99.98,99.98,0.94,0.97,'o__Burkholderiales',6.437877,99.6105919,2.831553182,'o__Burkholderiales',6.157568,98.09190031,0.514018692,139544,32785
3300009517-bin.5,3300026286-bin.37,99.99,100,0.98,0.95,'k__Bacteria',3.781861,82.75862069,0,'p__Bacteroidetes',3.880715,99.04761905,0.238095238,160837,70500
3300009517-bin.5,3300026302-bin.32,99.99,99.99,0.99,0.96,'k__Bacteria',3.781861,82.75862069,0,'p__Bacteroidetes',3.899556,99.52380952,0,160837,119707
3300009517-bin.51,3300026286-bin.17,99.97,99.97,0.92,0.75,'k__Bacteria',5.975557,81.18181818,1.818181818,'k__Bacteria',7.402417,93.63636364,0,10345,28192
3300009517-bin.52,3300026303-bin.48,99.94,99.94,0.62,0.93,'o__Actinomycetales',3.554087,90.67234148,3.096471749,'k__Bacteria',2.380043,39.18495298,1.724137931,30749,6563
3300009517-bin.6,3300026286-bin.4,100,100,0.96,1,'c__Alphaproteobacteria',2.980669,98.43073593,0.324675325,'c__Alphaproteobacteria',2.855279,97.45670996,0.324675325,598986,591327
3300026282-bin.11,3300026284-bin.18,99.02,99.02,0.87,0.56,'f__Comamonadaceae',2.222644,63.88801102,1.238390093,'f__Comamonadaceae',3.458563,94.33192113,2.435500516,4741,18742
3300026282-bin.11,3300026302-bin.10,99.84,99.84,0.95,0.55,'f__Comamonadaceae',2.222644,63.88801102,1.238390093,'f__Comamonadaceae',3.876006,99.94840041,1.042311662,4741,190275
3300026282-bin.12,3300009517-bin.39,99.99,99.99,0.95,0.96,'f__Xanthomonadaceae',2.81273,99.02298851,0,'f__Xanthomonadaceae',2.769552,98.12643678,0.915161467,807482,54738
3300026282-bin.12,3300026283-bin.4,99.35,99.35,0.96,0.94,'f__Xanthomonadaceae',2.81273,99.02298851,0,'f__Xanthomonadaceae',2.875643,98.90804598,0,807482,161895
3300026282-bin.12,3300026284-bin.15,99.27,99.27,0.97,0.94,'f__Xanthomonadaceae',2.81273,99.02298851,0,'f__Xanthomonadaceae',2.88815,99.02298851,0.344827586,807482,848070
3300026282-bin.12,3300026286-bin.1,100,100,0.97,0.99,'f__Xanthomonadaceae',2.81273,99.02298851,0,'f__Xanthomonadaceae',2.745507,99.02298851,0,807482,343055
3300026282-bin.12,3300026287-bin.1,99.44,99.44,0.95,0.92,'f__Xanthomonadaceae',2.81273,99.02298851,0,'f__Xanthomonadaceae',2.902371,99.02298851,0,807482,221470
3300026282-bin.12,3300026288-bin.42,99.48,99.48,0.9,0.98,'f__Xanthomonadaceae',2.81273,99.02298851,0,'f__Xanthomonadaceae',2.566944,92.81609195,0.344827586,807482,61114
3300026282-bin.12,3300026299-bin.44,99.25,99.25,0.96,0.94,'f__Xanthomonadaceae',2.81273,99.02298851,0,'f__Xanthomonadaceae',2.861602,99.02298851,0,807482,285387
3300026282-bin.12,3300026302-bin.47,99.24,99.24,0.97,0.91,'f__Xanthomonadaceae',2.81273,99.02298851,0,'f__Xanthomonadaceae',2.992856,99.02298851,0,807482,1643145
3300026282-bin.14,3300026283-bin.21,99.76,99.76,0.95,0.75,'o__Rhizobiales',3.980322,87.77429467,1.982758621,'o__Rhizobiales',5.083925,99.58202717,1.880877743,8216,114877
3300026282-bin.14,3300026303-bin.12,99.72,99.72,0.93,0.76,'o__Rhizobiales',3.980322,87.77429467,1.982758621,'o__Rhizobiales',4.867281,96.65621735,5.496342738,8216,21595
3300026282-bin.17,3300026288-bin.5,99.94,99.94,0.99,0.97,'o__Flavobacteriales',2.748949,99.26470588,0.245098039,'o__Flavobacteriales',2.81079,99.50980392,0.408496732,170194,104072
3300026282-bin.19,3300026303-bin.15,99.93,99.93,0.95,0.92,'o__Rhizobiales',3.993307,94.89443616,2.06284153,'o__Rhizobiales',4.114648,98.27868852,0.922131148,17153,233162
3300026282-bin.21,3300026284-bin.28,99.99,99.99,0.97,0.92,'p__Bacteroidetes',3.977724,96.4969896,1.477832512,'p__Bacteroidetes',4.19613,99.01477833,0.492610837,19215,247555
3300026282-bin.21,3300026288-bin.16,99.99,99.99,0.96,0.93,'p__Bacteroidetes',3.977724,96.4969896,1.477832512,'p__Bacteroidetes',4.117668,97.04433498,0,19215,178479
3300026282-bin.21,3300026303-bin.42,99.99,99.99,0.97,0.93,'p__Bacteroidetes',3.977724,96.4969896,1.477832512,'p__Bacteroidetes',4.147469,98.02955665,0,19215,766094
3300026282-bin.22,3300026288-bin.33,99.99,99.99,0.61,0.89,'k__Bacteria',3.321396,93.93939394,1.344086022,'k__Bacteria',2.267571,65.34131639,0.537634409,16024,5027
3300026282-bin.22,3300026289-bin.28,99.99,99.99,0.98,0.9,'k__Bacteria',3.321396,93.93939394,1.344086022,'k__Bacteria',3.5944,100,1.612903226,16024,326208
3300026282-bin.26,3300009517-bin.25,99.99,99.99,0.99,0.99,'o__Actinomycetales',4.142505,98.91891892,0.540540541,'o__Actinomycetales',4.139388,98.86486486,0.540540541,112272,106523
3300026282-bin.26,3300026283-bin.20,100,100,0.98,0.98,'o__Actinomycetales',4.142505,98.91891892,0.540540541,'o__Actinomycetales',4.155238,98.91891892,1.081081081,112272,63016
3300026282-bin.26,3300026286-bin.27,99.99,99.99,0.98,0.98,'o__Actinomycetales',4.142505,98.91891892,0.540540541,'o__Actinomycetales',4.129518,98.91891892,0.594594595,112272,103643
3300026282-bin.29,3300009517-bin.28,99.82,99.82,0.66,0.9,'c__Betaproteobacteria',4.705999,99.84126984,0.238095238,'c__Betaproteobacteria',3.39122,77.27137288,1.666666667,124432,6332
3300026282-bin.29,3300026284-bin.9,99.97,99.97,1,0.99,'c__Betaproteobacteria',4.705999,99.84126984,0.238095238,'c__Betaproteobacteria',4.755952,99.84126984,0.238095238,124432,130909
3300026282-bin.29,3300026286-bin.30,100,100,0.77,0.97,'c__Betaproteobacteria',4.705999,99.84126984,0.238095238,'c__Betaproteobacteria',3.709601,87.90745245,1.587301587,124432,10896
3300026282-bin.29,3300026287-bin.6,99.98,99.98,0.59,0.94,'c__Betaproteobacteria',4.705999,99.84126984,0.238095238,'c__Betaproteobacteria',2.946063,68.40348085,0.714285714,124432,5053
3300026282-bin.29,3300026288-bin.13,100,100,1,0.99,'c__Betaproteobacteria',4.705999,99.84126984,0.238095238,'c__Betaproteobacteria',4.740729,99.84126984,0.238095238,124432,126689
3300026282-bin.29,3300026303-bin.18,100,100,0.99,1,'c__Betaproteobacteria',4.705999,99.84126984,0.238095238,'c__Betaproteobacteria',4.673485,99.36507937,0.238095238,124432,123869
3300026282-bin.3,3300026283-bin.11,99.94,99.94,0.91,0.9,'f__Rhodobacteraceae',3.890882,99.53535354,0.757575758,'f__Rhodobacteraceae',3.945089,92.19949495,1.828282828,321684,13605
3300026282-bin.34,3300009517-bin.38,99.49,99.49,0.65,0.86,'o__Actinomycetales',4.012101,97.17668488,0.819672131,'o__Actinomycetales',3.027782,58.56752537,3.825136612,29416,6069
3300026282-bin.35,3300026283-bin.18,99.9,99.9,0.96,0.8,'k__Bacteria',2.647329,90.25500911,1.74863388,'k__Bacteria',3.170547,98.36065574,1.366120219,9679,300019
3300026282-bin.35,3300026286-bin.9,99.79,99.79,0.73,0.84,'k__Bacteria',2.647329,90.25500911,1.74863388,'k__Bacteria',2.307092,79.47269303,0.484506078,9679,6186
3300026282-bin.35,3300026288-bin.3,99.87,99.87,0.95,0.79,'k__Bacteria',2.647329,90.25500911,1.74863388,'k__Bacteria',3.157517,98.30508475,2.824858757,9679,37426
3300026282-bin.37,3300026288-bin.30,99.99,99.99,0.95,0.91,'f__Flavobacteriaceae',3.234474,97.60554212,0.35335689,'f__Flavobacteriaceae',3.379531,98.76325088,0.530035336,15804,33312
3300026282-bin.5,3300026288-bin.36,100,100,0.99,1,'c__Alphaproteobacteria',2.627818,99.94588745,0,'c__Alphaproteobacteria',2.602594,99.94588745,0.243506494,822720,338425
3300026282-bin.5,3300026289-bin.13,99.98,99.98,0.95,1,'c__Alphaproteobacteria',2.627818,99.94588745,0,'c__Alphaproteobacteria',2.493674,95.72510823,0.011595547,822720,290294
3300026282-bin.5,3300026299-bin.41,100,100,0.96,0.99,'c__Alphaproteobacteria',2.627818,99.94588745,0,'c__Alphaproteobacteria',2.543239,99.86998932,1.539256198,822720,125988
3300026282-bin.6,3300026287-bin.17,99.98,99.98,1,1,'o__Rhizobiales',3.937124,99.6835443,0.0287687,'o__Rhizobiales',3.938694,99.6835443,0.0287687,281362,353631
3300026282-bin.6,3300026299-bin.4,99.99,99.99,0.99,1,'o__Rhizobiales',3.937124,99.6835443,0.0287687,'o__Rhizobiales',3.928868,99.6835443,0.0287687,281362,169161
3300026282-bin.6,3300026303-bin.28,99.99,99.99,0.98,0.99,'o__Rhizobiales',3.937124,99.6835443,0.0287687,'o__Rhizobiales',3.907283,99.6835443,0.215765247,281362,61376
3300026283-bin.10,3300026282-bin.15,100,100,1,1,'o__Actinomycetales',3.10017,98.01801802,0.540540541,'o__Actinomycetales',3.093982,98.01801802,0.540540541,135323,126231
3300026283-bin.10,3300026288-bin.39,99.99,99.99,0.99,1,'o__Actinomycetales',3.10017,98.01801802,0.540540541,'o__Actinomycetales',3.067318,95.85585586,0.585585586,135323,156346
3300026283-bin.10,3300026299-bin.22,100,100,0.99,1,'o__Actinomycetales',3.10017,98.01801802,0.540540541,'o__Actinomycetales',3.08373,98.01801802,0.540540541,135323,156535
3300026283-bin.10,3300026303-bin.14,99.93,99.93,0.52,0.95,'o__Actinomycetales',3.10017,98.01801802,0.540540541,'o__Actinomycetales',1.700865,48.37966538,0,135323,4766
3300026283-bin.13,3300026302-bin.46,100,100,0.99,0.99,'f__Xanthomonadaceae',3.628147,99.76108374,0.890804598,'f__Xanthomonadaceae',3.641589,99.95073892,0.890804598,152113,237239
3300026283-bin.13,3300026303-bin.22,99.99,99.99,0.92,0.95,'f__Xanthomonadaceae',3.628147,99.76108374,0.890804598,'f__Xanthomonadaceae',3.519879,93.76598497,1.881922675,152113,17578
3300026283-bin.15,3300026282-bin.34,99.92,99.92,0.93,0.8,'o__Actinomycetales',3.441846,83.76138434,1.717408275,'o__Actinomycetales',4.012101,97.17668488,0.819672131,7976,29416
3300026283-bin.19,3300026299-bin.48,99.98,99.98,0.7,0.95,'p__Bacteroidetes',2.979717,99.01477833,0.985221675,'p__Bacteroidetes',2.190457,72.05528188,2.216748768,217984,6147
3300026283-bin.2,3300026282-bin.4,99.62,99.62,0.96,0.88,'c__Betaproteobacteria',3.934843,99.36507937,0,'c__Betaproteobacteria',4.343859,100,0.504201681,41723,286944
3300026283-bin.2,3300026284-bin.34,99.91,99.91,0.93,0.94,'c__Betaproteobacteria',3.934843,99.36507937,0,'c__Betaproteobacteria',3.8965,96.03174603,6.296296296,41723,33036
3300026283-bin.2,3300026288-bin.41,99.69,99.69,0.96,0.91,'c__Betaproteobacteria',3.934843,99.36507937,0,'c__Betaproteobacteria',4.173611,100,0.742296919,41723,64846
3300026283-bin.2,3300026289-bin.9,99.74,99.74,0.98,0.9,'c__Betaproteobacteria',3.934843,99.36507937,0,'c__Betaproteobacteria',4.293485,99.28571429,0.028011204,41723,94504
3300026283-bin.2,3300026299-bin.9,99.74,99.74,0.98,0.88,'c__Betaproteobacteria',3.934843,99.36507937,0,'c__Betaproteobacteria',4.437306,100,2.170868347,41723,97936
3300026283-bin.20,3300026286-bin.27,99.98,99.98,0.97,0.98,'o__Actinomycetales',4.155238,98.91891892,1.081081081,'o__Actinomycetales',4.129518,98.91891892,0.594594595,63016,103643
3300026283-bin.21,3300026303-bin.12,99.94,99.94,0.91,0.96,'o__Rhizobiales',5.083925,99.58202717,1.880877743,'o__Rhizobiales',4.867281,96.65621735,5.496342738,114877,21595
3300026283-bin.22,3300026288-bin.10,99.09,99.09,0.61,0.89,'o__Actinomycetales',3.091566,94.86486486,2.162162162,'o__Actinomycetales',2.09714,67.67052767,0.585585586,19665,5330
3300026283-bin.22,3300026299-bin.11,99.02,99.02,0.73,0.89,'o__Actinomycetales',3.091566,94.86486486,2.162162162,'o__Actinomycetales',2.525864,76.23166023,1.045045045,19665,7187
3300026283-bin.22,3300026303-bin.36,99.95,99.95,0.8,0.93,'o__Actinomycetales',3.091566,94.86486486,2.162162162,'o__Actinomycetales',2.655305,75.67567568,0.810810811,19665,237542
3300026283-bin.24,3300026282-bin.6,99.98,99.98,0.99,0.95,'o__Rhizobiales',3.784231,99.6835443,0.0287687,'o__Rhizobiales',3.937124,99.6835443,0.0287687,309450,281362
3300026283-bin.24,3300026287-bin.17,100,100,0.99,0.95,'o__Rhizobiales',3.784231,99.6835443,0.0287687,'o__Rhizobiales',3.938694,99.6835443,0.0287687,309450,353631
3300026283-bin.24,3300026288-bin.18,100,100,0.99,0.95,'o__Rhizobiales',3.784231,99.6835443,0.0287687,'o__Rhizobiales',3.929675,99.6835443,0.0287687,309450,281384
3300026283-bin.24,3300026289-bin.26,100,100,0.99,0.95,'o__Rhizobiales',3.784231,99.6835443,0.0287687,'o__Rhizobiales',3.918535,99.6835443,0.0287687,309450,135799
3300026283-bin.24,3300026299-bin.4,100,100,0.99,0.95,'o__Rhizobiales',3.784231,99.6835443,0.0287687,'o__Rhizobiales',3.928868,99.6835443,0.0287687,309450,169161
3300026283-bin.24,3300026303-bin.28,100,100,0.98,0.95,'o__Rhizobiales',3.784231,99.6835443,0.0287687,'o__Rhizobiales',3.907283,99.6835443,0.215765247,309450,61376
3300026283-bin.26,3300026282-bin.17,99.93,99.93,0.96,0.99,'o__Flavobacteriales',2.829154,99.50980392,0.245098039,'o__Flavobacteriales',2.748949,99.26470588,0.245098039,230994,170194
3300026283-bin.26,3300026288-bin.5,99.93,99.93,0.98,0.99,'o__Flavobacteriales',2.829154,99.50980392,0.245098039,'o__Flavobacteriales',2.81079,99.50980392,0.408496732,230994,104072
3300026283-bin.28,3300009517-bin.49,100,100,0.96,0.99,'o__Sphingomonadales',4.481396,99.97992371,1.555912467,'o__Sphingomonadales',4.371832,99.97992371,1.555912467,346465,285509
3300026283-bin.31,3300009517-bin.28,99.82,99.82,0.66,0.9,'c__Betaproteobacteria',4.707168,99.84126984,0.238095238,'c__Betaproteobacteria',3.39122,77.27137288,1.666666667,126689,6332
3300026283-bin.31,3300026282-bin.29,100,100,1,1,'c__Betaproteobacteria',4.707168,99.84126984,0.238095238,'c__Betaproteobacteria',4.705999,99.84126984,0.238095238,126689,124432
3300026283-bin.31,3300026284-bin.9,99.97,99.97,1,0.99,'c__Betaproteobacteria',4.707168,99.84126984,0.238095238,'c__Betaproteobacteria',4.755952,99.84126984,0.238095238,126689,130909
3300026283-bin.31,3300026286-bin.30,100,100,0.77,0.96,'c__Betaproteobacteria',4.707168,99.84126984,0.238095238,'c__Betaproteobacteria',3.709601,87.90745245,1.587301587,126689,10896
3300026283-bin.31,3300026287-bin.6,99.98,99.98,0.59,0.94,'c__Betaproteobacteria',4.707168,99.84126984,0.238095238,'c__Betaproteobacteria',2.946063,68.40348085,0.714285714,126689,5053
3300026283-bin.31,3300026288-bin.13,100,100,1,0.99,'c__Betaproteobacteria',4.707168,99.84126984,0.238095238,'c__Betaproteobacteria',4.740729,99.84126984,0.238095238,126689,126689
3300026283-bin.31,3300026303-bin.18,100,100,0.99,1,'c__Betaproteobacteria',4.707168,99.84126984,0.238095238,'c__Betaproteobacteria',4.673485,99.36507937,0.238095238,126689,123869
3300026283-bin.4,3300026284-bin.15,99.64,99.64,0.97,0.96,'f__Xanthomonadaceae',2.875643,98.90804598,0,'f__Xanthomonadaceae',2.88815,99.02298851,0.344827586,161895,848070
3300026283-bin.4,3300026287-bin.1,99.97,99.96,0.98,0.97,'f__Xanthomonadaceae',2.875643,98.90804598,0,'f__Xanthomonadaceae',2.902371,99.02298851,0,161895,221470
3300026283-bin.4,3300026288-bin.42,99.99,99.99,0.89,0.99,'f__Xanthomonadaceae',2.875643,98.90804598,0,'f__Xanthomonadaceae',2.566944,92.81609195,0.344827586,161895,61114
3300026283-bin.4,3300026299-bin.44,100,100,0.98,0.98,'f__Xanthomonadaceae',2.875643,98.90804598,0,'f__Xanthomonadaceae',2.861602,99.02298851,0,161895,285387
3300026283-bin.4,3300026302-bin.47,99.96,99.96,0.99,0.96,'f__Xanthomonadaceae',2.875643,98.90804598,0,'f__Xanthomonadaceae',2.992856,99.02298851,0,161895,1643145
3300026283-bin.8,3300026289-bin.21,99.95,99.95,0.88,0.85,'f__Rhodobacteraceae',3.399877,91.36130536,1.388888889,'f__Rhodobacteraceae',3.485322,91.20504496,1.515151515,8515,11163
3300026283-bin.8,3300026299-bin.26,99.96,99.96,0.96,0.86,'f__Rhodobacteraceae',3.399877,91.36130536,1.388888889,'f__Rhodobacteraceae',3.808849,99.33333333,0.151515152,8515,341555
3300026283-bin.9,3300026282-bin.21,99.98,99.98,0.9,0.78,'p__Bacteroidetes',3.428687,83.97372742,0,'p__Bacteroidetes',3.977724,96.4969896,1.477832512,7813,19215
3300026283-bin.9,3300026284-bin.28,99.99,99.99,0.96,0.78,'p__Bacteroidetes',3.428687,83.97372742,0,'p__Bacteroidetes',4.19613,99.01477833,0.492610837,7813,247555
3300026283-bin.9,3300026288-bin.16,99.99,99.99,0.95,0.79,'p__Bacteroidetes',3.428687,83.97372742,0,'p__Bacteroidetes',4.117668,97.04433498,0,7813,178479
3300026283-bin.9,3300026303-bin.42,99.99,99.99,0.95,0.79,'p__Bacteroidetes',3.428687,83.97372742,0,'p__Bacteroidetes',4.147469,98.02955665,0,7813,766094
3300026284-bin.10,3300009517-bin.25,99.92,99.92,0.94,0.69,'o__Actinomycetales',3.01283,74.2020592,1.621621622,'o__Actinomycetales',4.139388,98.86486486,0.540540541,5540,106523
3300026284-bin.10,3300026282-bin.26,99.91,99.91,0.94,0.69,'o__Actinomycetales',3.01283,74.2020592,1.621621622,'o__Actinomycetales',4.142505,98.91891892,0.540540541,5540,112272
3300026284-bin.10,3300026283-bin.20,99.9,99.9,0.95,0.69,'o__Actinomycetales',3.01283,74.2020592,1.621621622,'o__Actinomycetales',4.155238,98.91891892,1.081081081,5540,63016
3300026284-bin.10,3300026286-bin.27,99.92,99.92,0.94,0.69,'o__Actinomycetales',3.01283,74.2020592,1.621621622,'o__Actinomycetales',4.129518,98.91891892,0.594594595,5540,103643
3300026284-bin.10,3300026289-bin.20,99.91,99.91,0.93,0.69,'o__Actinomycetales',3.01283,74.2020592,1.621621622,'o__Actinomycetales',4.073711,98.91891892,0.720720721,5540,103697
3300026284-bin.10,3300026303-bin.41,99.9,99.9,0.93,0.7,'o__Actinomycetales',3.01283,74.2020592,1.621621622,'o__Actinomycetales',4.012819,97.83783784,0,5540,118559
3300026284-bin.12,3300026303-bin.33,100,100,1,0.93,'k__Bacteria',3.550957,75.86206897,0,'f__Xanthomonadaceae',3.813763,98.83004926,0.804597701,343087,312092
3300026284-bin.13,3300009517-bin.30,99.79,99.79,0.98,0.96,'o__Flavobacteriales',2.726169,97.63071895,0.89869281,'o__Flavobacteriales',2.78366,100,0.490196078,110107,310039
3300026284-bin.13,3300026282-bin.17,99.8,99.8,0.98,0.97,'o__Flavobacteriales',2.726169,97.63071895,0.89869281,'o__Flavobacteriales',2.748949,99.26470588,0.245098039,110107,170194
3300026284-bin.13,3300026283-bin.26,99.8,99.8,0.98,0.95,'o__Flavobacteriales',2.726169,97.63071895,0.89869281,'o__Flavobacteriales',2.829154,99.50980392,0.245098039,110107,230994
3300026284-bin.13,3300026287-bin.36,99.8,99.8,0.98,0.97,'o__Flavobacteriales',2.726169,97.63071895,0.89869281,'o__Flavobacteriales',2.749722,100,0.245098039,110107,204475
3300026284-bin.13,3300026288-bin.5,99.78,99.78,0.99,0.95,'o__Flavobacteriales',2.726169,97.63071895,0.89869281,'o__Flavobacteriales',2.81079,99.50980392,0.408496732,110107,104072
3300026284-bin.13,3300026289-bin.45,99.82,99.82,0.89,0.95,'o__Flavobacteriales',2.726169,97.63071895,0.89869281,'o__Flavobacteriales',2.565715,98.52941176,0.245098039,110107,163634
3300026284-bin.13,3300026299-bin.13,99.82,99.82,0.97,0.96,'o__Flavobacteriales',2.726169,97.63071895,0.89869281,'o__Flavobacteriales',2.741054,99.01960784,0.89869281,110107,60867
3300026284-bin.13,3300026302-bin.9,99.79,99.79,0.98,0.97,'o__Flavobacteriales',2.726169,97.63071895,0.89869281,'o__Flavobacteriales',2.734589,100,0.245098039,110107,352938
3300026284-bin.13,3300026303-bin.37,99.78,99.78,0.98,0.97,'o__Flavobacteriales',2.726169,97.63071895,0.89869281,'o__Flavobacteriales',2.757121,100,0.245098039,110107,284367
3300026284-bin.14,3300026282-bin.19,99.91,99.91,0.92,0.92,'o__Rhizobiales',3.988032,95.03104819,1.662112933,'o__Rhizobiales',3.993307,94.89443616,2.06284153,20949,17153
3300026284-bin.14,3300026299-bin.25,99.99,99.99,0.97,0.93,'o__Rhizobiales',3.988032,95.03104819,1.662112933,'o__Rhizobiales',4.163543,99.09836066,1.331967213,20949,419704
3300026284-bin.14,3300026303-bin.15,99.99,99.99,0.96,0.93,'o__Rhizobiales',3.988032,95.03104819,1.662112933,'o__Rhizobiales',4.114648,98.27868852,0.922131148,20949,233162
3300026284-bin.15,3300026287-bin.1,99.63,99.63,0.95,0.95,'f__Xanthomonadaceae',2.88815,99.02298851,0.344827586,'f__Xanthomonadaceae',2.902371,99.02298851,0,848070,221470
3300026284-bin.28,3300026288-bin.16,100,100,0.98,0.99,'p__Bacteroidetes',4.19613,99.01477833,0.492610837,'p__Bacteroidetes',4.117668,97.04433498,0,247555,178479
3300026284-bin.28,3300026303-bin.42,100,100,0.99,1,'p__Bacteroidetes',4.19613,99.01477833,0.492610837,'p__Bacteroidetes',4.147469,98.02955665,0,247555,766094
3300026284-bin.33,3300026282-bin.16,99.19,99.19,0.62,0.91,'f__Xanthomonadaceae',4.098087,99.22660099,0.632183908,'f__Xanthomonadaceae',2.80199,71.5825616,0.655172414,237524,5131
3300026284-bin.33,3300026289-bin.39,99.23,99.23,0.83,0.91,'f__Xanthomonadaceae',4.098087,99.22660099,0.632183908,'f__Xanthomonadaceae',3.754779,93.32129174,2.175287356,237524,12127
3300026284-bin.34,3300026282-bin.4,99.64,99.63,0.97,0.86,'c__Betaproteobacteria',3.8965,96.03174603,6.296296296,'c__Betaproteobacteria',4.343859,100,0.504201681,33036,286944
3300026284-bin.6,3300026288-bin.10,99.25,99.25,0.59,0.94,'o__Actinomycetales',3.355964,98.91891892,0,'o__Actinomycetales',2.09714,67.67052767,0.585585586,384537,5330
3300026284-bin.7,3300009517-bin.26,99.81,99.8,0.88,0.85,'o__Rhizobiales',4.873683,97.43589744,0.78369906,'o__Rhizobiales',5.027931,88.25255205,2.560083595,63652,13205
3300026284-bin.9,3300026286-bin.30,99.98,99.98,0.76,0.97,'c__Betaproteobacteria',4.755952,99.84126984,0.238095238,'c__Betaproteobacteria',3.709601,87.90745245,1.587301587,130909,10896
3300026284-bin.9,3300026287-bin.6,99.95,99.96,0.59,0.95,'c__Betaproteobacteria',4.755952,99.84126984,0.238095238,'c__Betaproteobacteria',2.946063,68.40348085,0.714285714,130909,5053
3300026284-bin.9,3300026303-bin.18,99.97,99.97,0.98,1,'c__Betaproteobacteria',4.755952,99.84126984,0.238095238,'c__Betaproteobacteria',4.673485,99.36507937,0.238095238,130909,123869
3300026286-bin.1,3300026283-bin.4,99.42,99.42,0.97,0.92,'f__Xanthomonadaceae',2.745507,99.02298851,0,'f__Xanthomonadaceae',2.875643,98.90804598,0,343055,161895
3300026286-bin.1,3300026284-bin.15,99.46,99.46,0.97,0.92,'f__Xanthomonadaceae',2.745507,99.02298851,0,'f__Xanthomonadaceae',2.88815,99.02298851,0.344827586,343055,848070
3300026286-bin.1,3300026287-bin.1,99.44,99.44,0.97,0.92,'f__Xanthomonadaceae',2.745507,99.02298851,0,'f__Xanthomonadaceae',2.902371,99.02298851,0,343055,221470
3300026286-bin.1,3300026288-bin.42,99.48,99.48,0.92,0.97,'f__Xanthomonadaceae',2.745507,99.02298851,0,'f__Xanthomonadaceae',2.566944,92.81609195,0.344827586,343055,61114
3300026286-bin.1,3300026299-bin.44,99.43,99.43,0.97,0.92,'f__Xanthomonadaceae',2.745507,99.02298851,0,'f__Xanthomonadaceae',2.861602,99.02298851,0,343055,285387
3300026286-bin.1,3300026302-bin.47,99.42,99.42,0.97,0.89,'f__Xanthomonadaceae',2.745507,99.02298851,0,'f__Xanthomonadaceae',2.992856,99.02298851,0,343055,1643145
3300026286-bin.16,3300009517-bin.47,99.97,99.97,0.93,0.85,'f__Rhodobacteraceae',3.948322,94.65151515,1.818181818,'f__Rhodobacteraceae',4.341736,97.51515152,2.075757576,12679,358886
3300026286-bin.18,3300026302-bin.31,99.98,99.98,0.97,0.93,'o__Burkholderiales',3.242642,94.46509487,1.433021807,'o__Burkholderiales',3.411196,99.25658454,0.962900028,19514,145598
3300026286-bin.19,3300009517-bin.27,100,100,0.97,0.98,'o__Burkholderiales',3.490759,99.91043614,0.934579439,'o__Burkholderiales',3.484508,99.06542056,0.700934579,36299,339682
3300026286-bin.21,3300009517-bin.13,100,100,0.98,1,'o__Burkholderiales',4.501508,99.84423676,0.214174455,'o__Burkholderiales',4.422216,99.84423676,0.058411215,145313,183379
3300026286-bin.21,3300026302-bin.18,100,100,0.98,1,'o__Burkholderiales',4.501508,99.84423676,0.214174455,'o__Burkholderiales',4.424497,99.84423676,0.058411215,145313,145263
3300026286-bin.22,3300009517-bin.37,100,100,0.98,0.96,'k__Bacteria',3.548436,81.03448276,0,'f__Xanthomonadaceae',3.615735,99.60591133,0.890804598,41279,242245
3300026286-bin.22,3300026283-bin.13,99.99,99.99,0.98,0.95,'k__Bacteria',3.548436,81.03448276,0,'f__Xanthomonadaceae',3.628147,99.76108374,0.890804598,41279,152113
3300026286-bin.22,3300026299-bin.24,99.98,99.98,0.96,0.93,'k__Bacteria',3.548436,81.03448276,0,'f__Xanthomonadaceae',3.652684,96.07985334,2.270114943,41279,27132
3300026286-bin.22,3300026302-bin.46,100,100,0.98,0.95,'k__Bacteria',3.548436,81.03448276,0,'f__Xanthomonadaceae',3.641589,99.95073892,0.890804598,41279,237239
3300026286-bin.22,3300026303-bin.22,99.97,99.97,0.93,0.94,'k__Bacteria',3.548436,81.03448276,0,'f__Xanthomonadaceae',3.519879,93.76598497,1.881922675,41279,17578
3300026286-bin.24,3300026282-bin.15,100,100,1,0.99,'o__Actinomycetales',3.05691,98.01801802,0.540540541,'o__Actinomycetales',3.093982,98.01801802,0.540540541,119990,126231
3300026286-bin.24,3300026283-bin.10,100,100,1,0.98,'o__Actinomycetales',3.05691,98.01801802,0.540540541,'o__Actinomycetales',3.10017,98.01801802,0.540540541,119990,135323
3300026286-bin.24,3300026288-bin.39,99.99,99.99,0.99,0.99,'o__Actinomycetales',3.05691,98.01801802,0.540540541,'o__Actinomycetales',3.067318,95.85585586,0.585585586,119990,156346
3300026286-bin.24,3300026299-bin.22,100,100,0.99,0.99,'o__Actinomycetales',3.05691,98.01801802,0.540540541,'o__Actinomycetales',3.08373,98.01801802,0.540540541,119990,156535
3300026286-bin.24,3300026303-bin.14,99.96,99.97,0.52,0.93,'o__Actinomycetales',3.05691,98.01801802,0.540540541,'o__Actinomycetales',1.700865,48.37966538,0,119990,4766
3300026286-bin.25,3300026282-bin.4,99.47,99.47,0.94,0.93,'c__Betaproteobacteria',4.295075,100,0,'c__Betaproteobacteria',4.343859,100,0.504201681,170311,286944
3300026286-bin.25,3300026283-bin.2,99.98,99.98,0.91,0.98,'c__Betaproteobacteria',4.295075,100,0,'c__Betaproteobacteria',3.934843,99.36507937,0,170311,41723
3300026286-bin.25,3300026284-bin.34,99.89,99.89,0.87,0.95,'c__Betaproteobacteria',4.295075,100,0,'c__Betaproteobacteria',3.8965,96.03174603,6.296296296,170311,33036
3300026286-bin.25,3300026287-bin.11,99.52,99.53,0.74,0.94,'c__Betaproteobacteria',4.295075,100,0,'c__Betaproteobacteria',3.412878,70.95238095,0.028011204,170311,179057
3300026286-bin.25,3300026288-bin.41,99.62,99.62,0.92,0.95,'c__Betaproteobacteria',4.295075,100,0,'c__Betaproteobacteria',4.173611,100,0.742296919,170311,64846
3300026286-bin.25,3300026289-bin.9,99.57,99.58,0.94,0.94,'c__Betaproteobacteria',4.295075,100,0,'c__Betaproteobacteria',4.293485,99.28571429,0.028011204,170311,94504
3300026286-bin.25,3300026299-bin.9,99.59,99.59,0.95,0.92,'c__Betaproteobacteria',4.295075,100,0,'c__Betaproteobacteria',4.437306,100,2.170868347,170311,97936
3300026286-bin.33,3300026302-bin.42,99.83,99.83,0.95,0.64,'o__Rhizobiales',2.387271,68.32103902,1.195228822,'o__Rhizobiales',3.520126,98.27586207,0,4892,116364
3300026286-bin.36,3300009517-bin.36,99.97,99.97,0.93,0.91,'k__Bacteria',4.712587,92.30769231,0.56980057,'k__Bacteria',4.795255,91.16809117,0.427350427,736406,43942
3300026286-bin.36,3300026288-bin.17,100,100,0.99,0.92,'k__Bacteria',4.712587,92.30769231,0.56980057,'k__Bacteria',5.081691,97.43589744,0.56980057,736406,306079
3300026286-bin.36,3300026302-bin.62,100,100,1,0.91,'k__Bacteria',4.712587,92.30769231,0.56980057,'k__Bacteria',5.174124,97.43589744,0.56980057,736406,386936
3300026286-bin.39,3300026288-bin.15,99.98,99.98,0.94,0.8,'p__Bacteroidetes',3.11594,84.36468647,2.079207921,'p__Bacteroidetes',3.667562,96.53465347,0.495049505,8800,140181
3300026286-bin.6,3300026282-bin.34,99.68,99.68,0.94,0.56,'o__Actinomycetales',2.367902,68.52068696,0.72859745,'o__Actinomycetales',4.012101,97.17668488,0.819672131,5118,29416
3300026286-bin.8,3300009517-bin.7,99.99,99.99,0.96,0.91,'o__Actinomycetales',2.771864,92.93350168,0.298438935,'o__Actinomycetales',2.934589,97.81144781,0,14806,520750
3300026286-bin.9,3300026283-bin.18,99.85,99.85,0.95,0.69,'k__Bacteria',2.307092,79.47269303,0.484506078,'k__Bacteria',3.170547,98.36065574,1.366120219,6186,300019
3300026287-bin.10,3300009517-bin.4,99.86,99.86,0.98,0.98,'o__Burkholderiales',3.389433,98.48130841,0.58411215,'o__Burkholderiales',3.391324,99.29906542,0.992990654,78119,88820
3300026287-bin.10,3300026286-bin.18,99.89,99.89,0.93,0.97,'o__Burkholderiales',3.389433,98.48130841,0.58411215,'o__Burkholderiales',3.242642,94.46509487,1.433021807,78119,19514
3300026287-bin.10,3300026288-bin.45,100,100,0.98,0.99,'o__Burkholderiales',3.389433,98.48130841,0.58411215,'o__Burkholderiales',3.349126,99.76635514,0.46728972,78119,137494
3300026287-bin.10,3300026302-bin.31,99.87,99.87,0.99,0.98,'o__Burkholderiales',3.389433,98.48130841,0.58411215,'o__Burkholderiales',3.411196,99.25658454,0.962900028,78119,145598
3300026287-bin.11,3300026282-bin.4,99.56,99.55,0.94,0.74,'c__Betaproteobacteria',3.412878,70.95238095,0.028011204,'c__Betaproteobacteria',4.343859,100,0.504201681,179057,286944
3300026287-bin.11,3300026283-bin.2,99.68,99.67,0.89,0.77,'c__Betaproteobacteria',3.412878,70.95238095,0.028011204,'c__Betaproteobacteria',3.934843,99.36507937,0,179057,41723
3300026287-bin.11,3300026284-bin.34,99.79,99.79,0.86,0.75,'c__Betaproteobacteria',3.412878,70.95238095,0.028011204,'c__Betaproteobacteria',3.8965,96.03174603,6.296296296,179057,33036
3300026287-bin.11,3300026288-bin.41,99.61,99.62,0.94,0.76,'c__Betaproteobacteria',3.412878,70.95238095,0.028011204,'c__Betaproteobacteria',4.173611,100,0.742296919,179057,64846
3300026287-bin.11,3300026289-bin.9,99.99,99.99,1,0.79,'c__Betaproteobacteria',3.412878,70.95238095,0.028011204,'c__Betaproteobacteria',4.293485,99.28571429,0.028011204,179057,94504
3300026287-bin.11,3300026299-bin.9,99.98,99.98,0.98,0.75,'c__Betaproteobacteria',3.412878,70.95238095,0.028011204,'c__Betaproteobacteria',4.437306,100,2.170868347,179057,97936
3300026287-bin.12,3300026289-bin.38,99.99,99.99,0.93,0.9,'f__Rhodobacteraceae',4.191115,92.82206682,1.060606061,'f__Rhodobacteraceae',4.319231,97.46825397,0.833333333,16445,32828
3300026287-bin.13,3300026282-bin.21,99.99,99.99,0.93,0.97,'p__Bacteroidetes',4.189527,99.50738916,0,'p__Bacteroidetes',3.977724,96.4969896,1.477832512,431849,19215
3300026287-bin.13,3300026283-bin.9,99.99,99.99,0.79,0.96,'p__Bacteroidetes',4.189527,99.50738916,0,'p__Bacteroidetes',3.428687,83.97372742,0,431849,7813
3300026287-bin.13,3300026284-bin.28,100,100,1,0.99,'p__Bacteroidetes',4.189527,99.50738916,0,'p__Bacteroidetes',4.19613,99.01477833,0.492610837,431849,247555
3300026287-bin.13,3300026288-bin.16,100,100,0.98,0.99,'p__Bacteroidetes',4.189527,99.50738916,0,'p__Bacteroidetes',4.117668,97.04433498,0,431849,178479
3300026287-bin.13,3300026299-bin.50,100,100,0.98,1,'p__Bacteroidetes',4.189527,99.50738916,0,'p__Bacteroidetes',4.096449,95.56650246,0,431849,792714
3300026287-bin.13,3300026303-bin.42,100,100,0.99,1,'p__Bacteroidetes',4.189527,99.50738916,0,'p__Bacteroidetes',4.147469,98.02955665,0,431849,766094
3300026287-bin.14,3300026288-bin.34,99.93,99.93,0.92,0.89,'o__Burkholderiales',5.369084,92.33569001,1.197429907,'o__Burkholderiales',5.528788,98.94859813,0.23364486,12052,437466
3300026287-bin.16,3300026282-bin.34,99.77,99.76,0.94,0.65,'o__Actinomycetales',2.763225,68.78740567,0.72859745,'o__Actinomycetales',4.012101,97.17668488,0.819672131,5900,29416
3300026287-bin.17,3300026299-bin.4,100,100,0.99,1,'o__Rhizobiales',3.938694,99.6835443,0.0287687,'o__Rhizobiales',3.928868,99.6835443,0.0287687,353631,169161
3300026287-bin.17,3300026303-bin.28,100,100,0.98,0.99,'o__Rhizobiales',3.938694,99.6835443,0.0287687,'o__Rhizobiales',3.907283,99.6835443,0.215765247,353631,61376
3300026287-bin.18,3300026289-bin.22,99.98,99.98,0.97,0.97,'f__Rhodobacteraceae',4.840074,98.93939394,1.735209235,'f__Rhodobacteraceae',4.84244,99.6969697,0.681818182,36602,219514
3300026287-bin.18,3300026299-bin.49,99.98,99.98,0.98,0.95,'f__Rhodobacteraceae',4.840074,98.93939394,1.735209235,'f__Rhodobacteraceae',4.966873,99.6969697,0.606060606,36602,279037
3300026287-bin.22,3300026282-bin.3,100,100,0.97,0.96,'f__Rhodobacteraceae',3.885667,98.62626263,0.818181818,'f__Rhodobacteraceae',3.890882,99.53535354,0.757575758,259054,321684
3300026287-bin.22,3300026283-bin.11,99.96,99.96,0.91,0.9,'f__Rhodobacteraceae',3.885667,98.62626263,0.818181818,'f__Rhodobacteraceae',3.945089,92.19949495,1.828282828,259054,13605
3300026287-bin.22,3300026288-bin.19,100,100,0.98,0.96,'f__Rhodobacteraceae',3.885667,98.62626263,0.818181818,'f__Rhodobacteraceae',3.981499,99.53535354,0.757575758,259054,419288
3300026287-bin.22,3300026289-bin.44,99.86,99.88,0.7,0.88,'f__Rhodobacteraceae',3.885667,98.62626263,0.818181818,'f__Rhodobacteraceae',3.110174,72.87654013,1.777777778,259054,5458
3300026287-bin.22,3300026303-bin.29,99.96,99.96,0.96,0.92,'f__Rhodobacteraceae',3.885667,98.62626263,0.818181818,'f__Rhodobacteraceae',4.082262,97.79292929,1.078643579,259054,32981
3300026287-bin.24,3300026282-bin.14,99.7,99.7,0.76,0.92,'o__Rhizobiales',4.883806,95.19331243,4.963427377,'o__Rhizobiales',3.980322,87.77429467,1.982758621,21412,8216
3300026287-bin.24,3300026283-bin.21,99.93,99.93,0.95,0.91,'o__Rhizobiales',4.883806,95.19331243,4.963427377,'o__Rhizobiales',5.083925,99.58202717,1.880877743,21412,114877
3300026287-bin.24,3300026303-bin.12,99.89,99.89,0.92,0.92,'o__Rhizobiales',4.883806,95.19331243,4.963427377,'o__Rhizobiales',4.867281,96.65621735,5.496342738,21412,21595
3300026287-bin.29,3300026289-bin.27,99.98,99.99,0.6,0.96,'c__Alphaproteobacteria',3.105221,100,0,'c__Alphaproteobacteria',1.929111,68.70150953,0.497835498,1001986,5366
3300026287-bin.36,3300009517-bin.30,99.89,99.89,0.99,0.97,'o__Flavobacteriales',2.749722,100,0.245098039,'o__Flavobacteriales',2.78366,100,0.490196078,204475,310039
3300026287-bin.36,3300026282-bin.17,99.92,99.92,0.99,0.99,'o__Flavobacteriales',2.749722,100,0.245098039,'o__Flavobacteriales',2.748949,99.26470588,0.245098039,204475,170194
3300026287-bin.36,3300026283-bin.26,99.89,99.89,0.99,0.97,'o__Flavobacteriales',2.749722,100,0.245098039,'o__Flavobacteriales',2.829154,99.50980392,0.245098039,204475,230994
3300026287-bin.36,3300026288-bin.5,99.9,99.9,0.99,0.97,'o__Flavobacteriales',2.749722,100,0.245098039,'o__Flavobacteriales',2.81079,99.50980392,0.408496732,204475,104072
3300026287-bin.36,3300026302-bin.9,99.89,99.89,0.99,0.99,'o__Flavobacteriales',2.749722,100,0.245098039,'o__Flavobacteriales',2.734589,100,0.245098039,204475,352938
3300026287-bin.36,3300026303-bin.37,99.93,99.93,0.99,0.99,'o__Flavobacteriales',2.749722,100,0.245098039,'o__Flavobacteriales',2.757121,100,0.245098039,204475,284367
3300026287-bin.38,3300026299-bin.8,99.99,99.99,0.74,0.96,'c__Alphaproteobacteria',2.662444,100,0.324675325,'c__Alphaproteobacteria',2.040816,79.38789565,1.244588745,300405,7127
3300026287-bin.39,3300026282-bin.15,100,100,1,1,'o__Actinomycetales',3.089216,98.01801802,0.540540541,'o__Actinomycetales',3.093982,98.01801802,0.540540541,143729,126231
3300026287-bin.39,3300026283-bin.10,100,100,1,0.99,'o__Actinomycetales',3.089216,98.01801802,0.540540541,'o__Actinomycetales',3.10017,98.01801802,0.540540541,143729,135323
3300026287-bin.39,3300026286-bin.24,100,100,0.99,1,'o__Actinomycetales',3.089216,98.01801802,0.540540541,'o__Actinomycetales',3.05691,98.01801802,0.540540541,143729,119990
3300026287-bin.39,3300026288-bin.39,99.99,99.99,0.99,1,'o__Actinomycetales',3.089216,98.01801802,0.540540541,'o__Actinomycetales',3.067318,95.85585586,0.585585586,143729,156346
3300026287-bin.39,3300026299-bin.22,100,100,0.99,1,'o__Actinomycetales',3.089216,98.01801802,0.540540541,'o__Actinomycetales',3.08373,98.01801802,0.540540541,143729,156535
3300026287-bin.39,3300026302-bin.26,100,100,1,0.98,'o__Actinomycetales',3.089216,98.01801802,0.540540541,'o__Actinomycetales',3.142539,98.01801802,0.617760618,143729,135323
3300026287-bin.39,3300026303-bin.14,99.92,99.92,0.52,0.94,'o__Actinomycetales',3.089216,98.01801802,0.540540541,'o__Actinomycetales',1.700865,48.37966538,0,143729,4766
3300026287-bin.7,3300009517-bin.37,100,100,0.99,0.99,'f__Xanthomonadaceae',3.608178,99.95073892,0.890804598,'f__Xanthomonadaceae',3.615735,99.60591133,0.890804598,215545,242245
3300026287-bin.7,3300026283-bin.13,100,100,0.99,0.99,'f__Xanthomonadaceae',3.608178,99.95073892,0.890804598,'f__Xanthomonadaceae',3.628147,99.76108374,0.890804598,215545,152113
3300026287-bin.7,3300026286-bin.22,100,100,0.96,0.98,'f__Xanthomonadaceae',3.608178,99.95073892,0.890804598,'k__Bacteria',3.548436,81.03448276,0,215545,41279
3300026287-bin.7,3300026288-bin.14,99.99,99.99,0.94,0.97,'f__Xanthomonadaceae',3.608178,99.95073892,0.890804598,'k__Bacteria',3.514763,83.07210031,0,215545,24898
3300026287-bin.7,3300026299-bin.24,99.97,99.97,0.96,0.95,'f__Xanthomonadaceae',3.608178,99.95073892,0.890804598,'f__Xanthomonadaceae',3.652684,96.07985334,2.270114943,215545,27132
3300026287-bin.7,3300026302-bin.46,100,100,1,0.98,'f__Xanthomonadaceae',3.608178,99.95073892,0.890804598,'f__Xanthomonadaceae',3.641589,99.95073892,0.890804598,215545,237239
3300026287-bin.7,3300026303-bin.22,99.99,99.99,0.93,0.95,'f__Xanthomonadaceae',3.608178,99.95073892,0.890804598,'f__Xanthomonadaceae',3.519879,93.76598497,1.881922675,215545,17578
3300026287-bin.8,3300026282-bin.19,99.96,99.96,0.9,0.97,'o__Rhizobiales',4.322347,99.09836066,1.229508197,'o__Rhizobiales',3.993307,94.89443616,2.06284153,182888,17153
3300026287-bin.8,3300026284-bin.14,99.95,99.95,0.89,0.96,'o__Rhizobiales',4.322347,99.09836066,1.229508197,'o__Rhizobiales',3.988032,95.03104819,1.662112933,182888,20949
3300026287-bin.8,3300026299-bin.25,99.79,99.79,0.95,0.99,'o__Rhizobiales',4.322347,99.09836066,1.229508197,'o__Rhizobiales',4.163543,99.09836066,1.331967213,182888,419704
3300026287-bin.8,3300026303-bin.15,99.8,99.8,0.94,0.99,'o__Rhizobiales',4.322347,99.09836066,1.229508197,'o__Rhizobiales',4.114648,98.27868852,0.922131148,182888,233162
3300026288-bin.13,3300009517-bin.28,99.82,99.82,0.66,0.91,'c__Betaproteobacteria',4.740729,99.84126984,0.238095238,'c__Betaproteobacteria',3.39122,77.27137288,1.666666667,126689,6332
3300026288-bin.13,3300026284-bin.9,99.97,99.97,1,0.99,'c__Betaproteobacteria',4.740729,99.84126984,0.238095238,'c__Betaproteobacteria',4.755952,99.84126984,0.238095238,126689,130909
3300026288-bin.13,3300026286-bin.30,100,100,0.76,0.97,'c__Betaproteobacteria',4.740729,99.84126984,0.238095238,'c__Betaproteobacteria',3.709601,87.90745245,1.587301587,126689,10896
3300026288-bin.13,3300026287-bin.6,99.98,99.98,0.59,0.95,'c__Betaproteobacteria',4.740729,99.84126984,0.238095238,'c__Betaproteobacteria',2.946063,68.40348085,0.714285714,126689,5053
3300026288-bin.13,3300026303-bin.18,100,100,0.98,1,'c__Betaproteobacteria',4.740729,99.84126984,0.238095238,'c__Betaproteobacteria',4.673485,99.36507937,0.238095238,126689,123869
3300026288-bin.14,3300026283-bin.13,99.99,99.99,0.97,0.93,'k__Bacteria',3.514763,83.07210031,0,'f__Xanthomonadaceae',3.628147,99.76108374,0.890804598,24898,152113
3300026288-bin.14,3300026302-bin.46,99.99,99.99,0.97,0.93,'k__Bacteria',3.514763,83.07210031,0,'f__Xanthomonadaceae',3.641589,99.95073892,0.890804598,24898,237239
3300026288-bin.14,3300026303-bin.22,99.99,99.99,0.92,0.92,'k__Bacteria',3.514763,83.07210031,0,'f__Xanthomonadaceae',3.519879,93.76598497,1.881922675,24898,17578
3300026288-bin.18,3300026282-bin.6,99.98,99.98,1,1,'o__Rhizobiales',3.929675,99.6835443,0.0287687,'o__Rhizobiales',3.937124,99.6835443,0.0287687,281384,281362
3300026288-bin.18,3300026287-bin.17,100,100,1,1,'o__Rhizobiales',3.929675,99.6835443,0.0287687,'o__Rhizobiales',3.938694,99.6835443,0.0287687,281384,353631
3300026288-bin.18,3300026299-bin.4,100,100,1,0.99,'o__Rhizobiales',3.929675,99.6835443,0.0287687,'o__Rhizobiales',3.928868,99.6835443,0.0287687,281384,169161
3300026288-bin.18,3300026303-bin.28,100,100,0.98,0.99,'o__Rhizobiales',3.929675,99.6835443,0.0287687,'o__Rhizobiales',3.907283,99.6835443,0.215765247,281384,61376
3300026288-bin.19,3300026282-bin.3,100,100,0.98,1,'f__Rhodobacteraceae',3.981499,99.53535354,0.757575758,'f__Rhodobacteraceae',3.890882,99.53535354,0.757575758,419288,321684
3300026288-bin.19,3300026283-bin.11,99.96,99.96,0.91,0.92,'f__Rhodobacteraceae',3.981499,99.53535354,0.757575758,'f__Rhodobacteraceae',3.945089,92.19949495,1.828282828,419288,13605
3300026288-bin.26,3300026282-bin.11,99.1,99.1,0.55,0.93,'f__Comamonadaceae',3.811961,97.55852479,3.390092879,'f__Comamonadaceae',2.222644,63.88801102,1.238390093,53554,4741
3300026288-bin.26,3300026284-bin.18,99.05,99.05,0.86,0.93,'f__Comamonadaceae',3.811961,97.55852479,3.390092879,'f__Comamonadaceae',3.458563,94.33192113,2.435500516,53554,18742
3300026288-bin.3,3300026283-bin.18,99.94,99.94,0.97,0.96,'k__Bacteria',3.157517,98.30508475,2.824858757,'k__Bacteria',3.170547,98.36065574,1.366120219,37426,300019
3300026288-bin.3,3300026286-bin.9,99.85,99.85,0.7,0.94,'k__Bacteria',3.157517,98.30508475,2.824858757,'k__Bacteria',2.307092,79.47269303,0.484506078,37426,6186
3300026288-bin.31,3300026289-bin.41,99.99,99.99,0.97,0.94,'c__Alphaproteobacteria',2.520407,96.27923483,0.419126328,'c__Alphaproteobacteria',2.604307,97.72727273,0,18369,638309
3300026288-bin.31,3300026299-bin.18,99.98,99.98,0.95,0.94,'c__Alphaproteobacteria',2.520407,96.27923483,0.419126328,'c__Alphaproteobacteria',2.540815,98.53685276,0.595238095,18369,59044
3300026288-bin.33,3300026289-bin.28,99.99,99.99,0.96,0.61,'k__Bacteria',2.267571,65.34131639,0.537634409,'k__Bacteria',3.5944,100,1.612903226,5027,326208
3300026288-bin.36,3300026289-bin.13,100,100,0.96,1,'c__Alphaproteobacteria',2.602594,99.94588745,0.243506494,'c__Alphaproteobacteria',2.493674,95.72510823,0.011595547,338425,290294
3300026288-bin.36,3300026299-bin.41,100,100,0.97,0.99,'c__Alphaproteobacteria',2.602594,99.94588745,0.243506494,'c__Alphaproteobacteria',2.543239,99.86998932,1.539256198,338425,125988
3300026288-bin.39,3300026282-bin.15,99.99,99.99,1,0.99,'o__Actinomycetales',3.067318,95.85585586,0.585585586,'o__Actinomycetales',3.093982,98.01801802,0.540540541,156346,126231
3300026288-bin.39,3300026299-bin.22,99.99,99.99,0.99,0.99,'o__Actinomycetales',3.067318,95.85585586,0.585585586,'o__Actinomycetales',3.08373,98.01801802,0.540540541,156346,156535
3300026288-bin.39,3300026303-bin.14,99.92,99.92,0.52,0.94,'o__Actinomycetales',3.067318,95.85585586,0.585585586,'o__Actinomycetales',1.700865,48.37966538,0,156346,4766
3300026288-bin.41,3300026282-bin.4,99.97,99.97,0.97,0.93,'c__Betaproteobacteria',4.173611,100,0.742296919,'c__Betaproteobacteria',4.343859,100,0.504201681,64846,286944
3300026288-bin.41,3300026284-bin.34,99.68,99.68,0.88,0.94,'c__Betaproteobacteria',4.173611,100,0.742296919,'c__Betaproteobacteria',3.8965,96.03174603,6.296296296,64846,33036
3300026288-bin.41,3300026289-bin.9,99.6,99.59,0.95,0.92,'c__Betaproteobacteria',4.173611,100,0.742296919,'c__Betaproteobacteria',4.293485,99.28571429,0.028011204,64846,94504
3300026288-bin.41,3300026299-bin.9,99.61,99.61,0.95,0.9,'c__Betaproteobacteria',4.173611,100,0.742296919,'c__Betaproteobacteria',4.437306,100,2.170868347,64846,97936
3300026288-bin.42,3300026284-bin.15,99.76,99.76,0.99,0.88,'f__Xanthomonadaceae',2.566944,92.81609195,0.344827586,'f__Xanthomonadaceae',2.88815,99.02298851,0.344827586,61114,848070
3300026288-bin.42,3300026287-bin.1,100,100,0.99,0.88,'f__Xanthomonadaceae',2.566944,92.81609195,0.344827586,'f__Xanthomonadaceae',2.902371,99.02298851,0,61114,221470
3300026288-bin.42,3300026299-bin.44,100,100,0.98,0.89,'f__Xanthomonadaceae',2.566944,92.81609195,0.344827586,'f__Xanthomonadaceae',2.861602,99.02298851,0,61114,285387
3300026288-bin.42,3300026302-bin.47,100,100,0.99,0.86,'f__Xanthomonadaceae',2.566944,92.81609195,0.344827586,'f__Xanthomonadaceae',2.992856,99.02298851,0,61114,1643145
3300026288-bin.43,3300009517-bin.25,99.99,99.99,0.98,0.99,'o__Actinomycetales',4.195066,99.45355191,1.912568306,'o__Actinomycetales',4.139388,98.86486486,0.540540541,120723,106523
3300026288-bin.43,3300026282-bin.26,99.99,99.99,0.99,1,'o__Actinomycetales',4.195066,99.45355191,1.912568306,'o__Actinomycetales',4.142505,98.91891892,0.540540541,120723,112272
3300026288-bin.43,3300026283-bin.20,99.98,99.98,0.97,0.98,'o__Actinomycetales',4.195066,99.45355191,1.912568306,'o__Actinomycetales',4.155238,98.91891892,1.081081081,120723,63016
3300026288-bin.43,3300026284-bin.10,99.9,99.9,0.69,0.95,'o__Actinomycetales',4.195066,99.45355191,1.912568306,'o__Actinomycetales',3.01283,74.2020592,1.621621622,120723,5540
3300026288-bin.43,3300026286-bin.27,99.98,99.98,0.98,0.99,'o__Actinomycetales',4.195066,99.45355191,1.912568306,'o__Actinomycetales',4.129518,98.91891892,0.594594595,120723,103643
3300026288-bin.43,3300026289-bin.20,99.99,99.99,0.96,0.99,'o__Actinomycetales',4.195066,99.45355191,1.912568306,'o__Actinomycetales',4.073711,98.91891892,0.720720721,120723,103697
3300026288-bin.43,3300026303-bin.41,99.99,99.99,0.96,1,'o__Actinomycetales',4.195066,99.45355191,1.912568306,'o__Actinomycetales',4.012819,97.83783784,0,120723,118559
3300026288-bin.45,3300026286-bin.18,99.9,99.9,0.94,0.97,'o__Burkholderiales',3.349126,99.76635514,0.46728972,'o__Burkholderiales',3.242642,94.46509487,1.433021807,137494,19514
3300026288-bin.45,3300026302-bin.31,99.88,99.88,0.99,0.98,'o__Burkholderiales',3.349126,99.76635514,0.46728972,'o__Burkholderiales',3.411196,99.25658454,0.962900028,137494,145598
3300026288-bin.46,3300009517-bin.1,100,100,0.97,0.95,'o__Cytophagales',4.741348,95.73412698,0.892857143,'o__Cytophagales',4.850289,99.10714286,0.595238095,32961,322286
3300026288-bin.7,3300026302-bin.24,99.99,99.99,0.96,0.7,'k__Bacteria',3.029758,70.24801083,0.577281192,'k__Bacteria',4.15998,98.88268156,0.558659218,6683,471868
3300026288-bin.9,3300026302-bin.61,100,100,0.98,0.97,'f__Rhodobacteraceae',4.735118,98.78787879,1.717171717,'f__Rhodobacteraceae',4.773805,99.09090909,1.186868687,33213,316606
3300026289-bin.12,3300026284-bin.18,99.01,99.01,0.84,0.87,'f__Comamonadaceae',3.61163,94.5603172,1.031991744,'f__Comamonadaceae',3.458563,94.33192113,2.435500516,108913,18742
3300026289-bin.13,3300026299-bin.41,100,100,0.97,0.96,'c__Alphaproteobacteria',2.493674,95.72510823,0.011595547,'c__Alphaproteobacteria',2.543239,99.86998932,1.539256198,290294,125988
3300026289-bin.16,3300026282-bin.15,99.97,99.97,0.96,0.51,'k__Bacteria',1.66391,46.72413793,0,'o__Actinomycetales',3.093982,98.01801802,0.540540541,4483,126231
3300026289-bin.16,3300026283-bin.10,99.97,99.97,0.95,0.51,'k__Bacteria',1.66391,46.72413793,0,'o__Actinomycetales',3.10017,98.01801802,0.540540541,4483,135323
3300026289-bin.16,3300026286-bin.24,99.97,99.96,0.95,0.51,'k__Bacteria',1.66391,46.72413793,0,'o__Actinomycetales',3.05691,98.01801802,0.540540541,4483,119990
3300026289-bin.16,3300026287-bin.39,99.97,99.97,0.96,0.51,'k__Bacteria',1.66391,46.72413793,0,'o__Actinomycetales',3.089216,98.01801802,0.540540541,4483,143729
3300026289-bin.16,3300026288-bin.39,99.95,99.94,0.95,0.52,'k__Bacteria',1.66391,46.72413793,0,'o__Actinomycetales',3.067318,95.85585586,0.585585586,4483,156346
3300026289-bin.16,3300026299-bin.22,99.97,99.97,0.95,0.51,'k__Bacteria',1.66391,46.72413793,0,'o__Actinomycetales',3.08373,98.01801802,0.540540541,4483,156535
3300026289-bin.16,3300026302-bin.26,99.97,99.97,0.97,0.51,'k__Bacteria',1.66391,46.72413793,0,'o__Actinomycetales',3.142539,98.01801802,0.617760618,4483,135323
3300026289-bin.20,3300009517-bin.25,100,100,0.98,0.96,'o__Actinomycetales',4.073711,98.91891892,0.720720721,'o__Actinomycetales',4.139388,98.86486486,0.540540541,103697,106523
3300026289-bin.20,3300026282-bin.26,100,100,0.98,0.96,'o__Actinomycetales',4.073711,98.91891892,0.720720721,'o__Actinomycetales',4.142505,98.91891892,0.540540541,103697,112272
3300026289-bin.20,3300026283-bin.20,99.99,99.99,0.98,0.96,'o__Actinomycetales',4.073711,98.91891892,0.720720721,'o__Actinomycetales',4.155238,98.91891892,1.081081081,103697,63016
3300026289-bin.20,3300026286-bin.27,100,100,0.98,0.97,'o__Actinomycetales',4.073711,98.91891892,0.720720721,'o__Actinomycetales',4.129518,98.91891892,0.594594595,103697,103643
3300026289-bin.22,3300026299-bin.49,100,100,0.99,0.97,'f__Rhodobacteraceae',4.84244,99.6969697,0.681818182,'f__Rhodobacteraceae',4.966873,99.6969697,0.606060606,219514,279037
3300026289-bin.23,3300026282-bin.19,99.96,99.96,0.9,0.97,'o__Rhizobiales',4.334506,99.09836066,0.922131148,'o__Rhizobiales',3.993307,94.89443616,2.06284153,207568,17153
3300026289-bin.23,3300026284-bin.14,99.95,99.95,0.89,0.96,'o__Rhizobiales',4.334506,99.09836066,0.922131148,'o__Rhizobiales',3.988032,95.03104819,1.662112933,207568,20949
3300026289-bin.23,3300026287-bin.8,100,100,0.99,0.99,'o__Rhizobiales',4.334506,99.09836066,0.922131148,'o__Rhizobiales',4.322347,99.09836066,1.229508197,207568,182888
3300026289-bin.23,3300026299-bin.25,99.88,99.89,0.95,0.99,'o__Rhizobiales',4.334506,99.09836066,0.922131148,'o__Rhizobiales',4.163543,99.09836066,1.331967213,207568,419704
3300026289-bin.23,3300026303-bin.15,99.89,99.89,0.94,0.99,'o__Rhizobiales',4.334506,99.09836066,0.922131148,'o__Rhizobiales',4.114648,98.27868852,0.922131148,207568,233162
3300026289-bin.24,3300009517-bin.26,99.8,99.79,0.88,0.88,'o__Rhizobiales',5.028743,99.26854754,0.78369906,'o__Rhizobiales',5.027931,88.25255205,2.560083595,492604,13205
3300026289-bin.24,3300026284-bin.7,99.97,99.97,0.94,0.97,'o__Rhizobiales',5.028743,99.26854754,0.78369906,'o__Rhizobiales',4.873683,97.43589744,0.78369906,492604,63652
3300026289-bin.26,3300026282-bin.6,99.99,99.99,1,0.99,'o__Rhizobiales',3.918535,99.6835443,0.0287687,'o__Rhizobiales',3.937124,99.6835443,0.0287687,135799,281362
3300026289-bin.26,3300026287-bin.17,100,100,1,0.99,'o__Rhizobiales',3.918535,99.6835443,0.0287687,'o__Rhizobiales',3.938694,99.6835443,0.0287687,135799,353631
3300026289-bin.26,3300026288-bin.18,100,100,1,0.99,'o__Rhizobiales',3.918535,99.6835443,0.0287687,'o__Rhizobiales',3.929675,99.6835443,0.0287687,135799,281384
3300026289-bin.26,3300026299-bin.4,100,100,0.99,0.99,'o__Rhizobiales',3.918535,99.6835443,0.0287687,'o__Rhizobiales',3.928868,99.6835443,0.0287687,135799,169161
3300026289-bin.26,3300026303-bin.28,100,100,0.98,0.99,'o__Rhizobiales',3.918535,99.6835443,0.0287687,'o__Rhizobiales',3.907283,99.6835443,0.215765247,135799,61376
3300026289-bin.39,3300026282-bin.16,99.91,99.91,0.64,0.86,'f__Xanthomonadaceae',3.754779,93.32129174,2.175287356,'f__Xanthomonadaceae',2.80199,71.5825616,0.655172414,12127,5131
3300026289-bin.4,3300026287-bin.4,99.92,99.92,0.94,0.61,'o__Rhizobiales',3.719613,64.23621461,0.423497268,'o__Rhizobiales',5.717539,99.50819672,2.18579235,5255,312409
3300026289-bin.41,3300026299-bin.18,99.99,99.99,0.96,0.98,'c__Alphaproteobacteria',2.604307,97.72727273,0,'c__Alphaproteobacteria',2.540815,98.53685276,0.595238095,638309,59044
3300026289-bin.44,3300026282-bin.3,99.91,99.89,0.87,0.7,'f__Rhodobacteraceae',3.110174,72.87654013,1.777777778,'f__Rhodobacteraceae',3.890882,99.53535354,0.757575758,5458,321684
3300026289-bin.44,3300026283-bin.11,99.91,99.9,0.87,0.69,'f__Rhodobacteraceae',3.110174,72.87654013,1.777777778,'f__Rhodobacteraceae',3.945089,92.19949495,1.828282828,5458,13605
3300026289-bin.44,3300026288-bin.19,99.88,99.86,0.89,0.69,'f__Rhodobacteraceae',3.110174,72.87654013,1.777777778,'f__Rhodobacteraceae',3.981499,99.53535354,0.757575758,5458,419288
3300026289-bin.45,3300009517-bin.30,99.76,99.76,0.97,0.89,'o__Flavobacteriales',2.565715,98.52941176,0.245098039,'o__Flavobacteriales',2.78366,100,0.490196078,163634,310039
3300026289-bin.45,3300026282-bin.17,99.76,99.76,0.96,0.9,'o__Flavobacteriales',2.565715,98.52941176,0.245098039,'o__Flavobacteriales',2.748949,99.26470588,0.245098039,163634,170194
3300026289-bin.45,3300026283-bin.26,99.76,99.76,0.99,0.9,'o__Flavobacteriales',2.565715,98.52941176,0.245098039,'o__Flavobacteriales',2.829154,99.50980392,0.245098039,163634,230994
3300026289-bin.45,3300026287-bin.36,99.79,99.79,0.97,0.9,'o__Flavobacteriales',2.565715,98.52941176,0.245098039,'o__Flavobacteriales',2.749722,100,0.245098039,163634,204475
3300026289-bin.45,3300026288-bin.5,99.75,99.75,0.98,0.89,'o__Flavobacteriales',2.565715,98.52941176,0.245098039,'o__Flavobacteriales',2.81079,99.50980392,0.408496732,163634,104072
3300026289-bin.45,3300026299-bin.13,99.78,99.78,0.95,0.89,'o__Flavobacteriales',2.565715,98.52941176,0.245098039,'o__Flavobacteriales',2.741054,99.01960784,0.89869281,163634,60867
3300026289-bin.45,3300026302-bin.9,99.76,99.76,0.96,0.9,'o__Flavobacteriales',2.565715,98.52941176,0.245098039,'o__Flavobacteriales',2.734589,100,0.245098039,163634,352938
3300026289-bin.45,3300026303-bin.37,99.75,99.75,0.96,0.9,'o__Flavobacteriales',2.565715,98.52941176,0.245098039,'o__Flavobacteriales',2.757121,100,0.245098039,163634,284367
3300026289-bin.6,3300009517-bin.38,99.46,99.46,0.66,0.88,'o__Actinomycetales',4.094279,99.27140255,0.546448087,'o__Actinomycetales',3.027782,58.56752537,3.825136612,59780,6069
3300026289-bin.6,3300026282-bin.34,99.95,99.95,0.96,0.97,'o__Actinomycetales',4.094279,99.27140255,0.546448087,'o__Actinomycetales',4.012101,97.17668488,0.819672131,59780,29416
3300026289-bin.6,3300026283-bin.15,99.98,99.98,0.81,0.96,'o__Actinomycetales',4.094279,99.27140255,0.546448087,'o__Actinomycetales',3.441846,83.76138434,1.717408275,59780,7976
3300026289-bin.6,3300026286-bin.6,99.69,99.69,0.56,0.95,'o__Actinomycetales',4.094279,99.27140255,0.546448087,'o__Actinomycetales',2.367902,68.52068696,0.72859745,59780,5118
3300026289-bin.6,3300026287-bin.16,99.75,99.75,0.65,0.95,'o__Actinomycetales',4.094279,99.27140255,0.546448087,'o__Actinomycetales',2.763225,68.78740567,0.72859745,59780,5900
3300026289-bin.6,3300026299-bin.10,99.99,99.99,0.98,0.98,'o__Actinomycetales',4.094279,99.27140255,0.546448087,'o__Actinomycetales',4.04806,99.45355191,0.6245121,59780,49313
3300026289-bin.6,3300026303-bin.46,100,100,0.99,0.99,'o__Actinomycetales',4.094279,99.27140255,0.546448087,'o__Actinomycetales',4.070868,99.45355191,0.546448087,59780,137042
3300026289-bin.9,3300026282-bin.4,99.51,99.51,0.93,0.92,'c__Betaproteobacteria',4.293485,99.28571429,0.028011204,'c__Betaproteobacteria',4.343859,100,0.504201681,94504,286944
3300026289-bin.9,3300026284-bin.34,99.83,99.82,0.87,0.95,'c__Betaproteobacteria',4.293485,99.28571429,0.028011204,'c__Betaproteobacteria',3.8965,96.03174603,6.296296296,94504,33036
3300026289-bin.9,3300026299-bin.9,99.98,99.98,0.98,0.95,'c__Betaproteobacteria',4.293485,99.28571429,0.028011204,'c__Betaproteobacteria',4.437306,100,2.170868347,94504,97936
3300026299-bin.10,3300009517-bin.38,99.48,99.48,0.66,0.88,'o__Actinomycetales',4.04806,99.45355191,0.6245121,'o__Actinomycetales',3.027782,58.56752537,3.825136612,49313,6069
3300026299-bin.10,3300026282-bin.34,99.95,99.95,0.96,0.97,'o__Actinomycetales',4.04806,99.45355191,0.6245121,'o__Actinomycetales',4.012101,97.17668488,0.819672131,49313,29416
3300026299-bin.10,3300026283-bin.15,99.99,99.99,0.81,0.96,'o__Actinomycetales',4.04806,99.45355191,0.6245121,'o__Actinomycetales',3.441846,83.76138434,1.717408275,49313,7976
3300026299-bin.10,3300026286-bin.6,99.69,99.69,0.56,0.95,'o__Actinomycetales',4.04806,99.45355191,0.6245121,'o__Actinomycetales',2.367902,68.52068696,0.72859745,49313,5118
3300026299-bin.10,3300026287-bin.16,99.75,99.75,0.65,0.95,'o__Actinomycetales',4.04806,99.45355191,0.6245121,'o__Actinomycetales',2.763225,68.78740567,0.72859745,49313,5900
3300026299-bin.12,3300026283-bin.29,99.99,99.99,0.98,0.99,'f__Xanthomonadaceae',3.834866,99.60591133,0.977011494,'k__Bacteria',3.767757,83.96551724,0,224834,116104
3300026299-bin.12,3300026284-bin.12,100,100,0.93,1,'f__Xanthomonadaceae',3.834866,99.60591133,0.977011494,'k__Bacteria',3.550957,75.86206897,0,224834,343087
3300026299-bin.12,3300026303-bin.33,100,100,0.99,1,'f__Xanthomonadaceae',3.834866,99.60591133,0.977011494,'f__Xanthomonadaceae',3.813763,98.83004926,0.804597701,224834,312092
3300026299-bin.13,3300009517-bin.30,99.91,99.91,0.98,0.96,'o__Flavobacteriales',2.741054,99.01960784,0.89869281,'o__Flavobacteriales',2.78366,100,0.490196078,60867,310039
3300026299-bin.13,3300026282-bin.17,99.92,99.92,0.98,0.98,'o__Flavobacteriales',2.741054,99.01960784,0.89869281,'o__Flavobacteriales',2.748949,99.26470588,0.245098039,60867,170194
3300026299-bin.13,3300026283-bin.26,99.92,99.92,0.98,0.95,'o__Flavobacteriales',2.741054,99.01960784,0.89869281,'o__Flavobacteriales',2.829154,99.50980392,0.245098039,60867,230994
3300026299-bin.13,3300026287-bin.36,99.91,99.91,0.98,0.98,'o__Flavobacteriales',2.741054,99.01960784,0.89869281,'o__Flavobacteriales',2.749722,100,0.245098039,60867,204475
3300026299-bin.13,3300026288-bin.5,99.92,99.92,0.98,0.96,'o__Flavobacteriales',2.741054,99.01960784,0.89869281,'o__Flavobacteriales',2.81079,99.50980392,0.408496732,60867,104072
3300026299-bin.13,3300026302-bin.9,99.91,99.91,0.97,0.98,'o__Flavobacteriales',2.741054,99.01960784,0.89869281,'o__Flavobacteriales',2.734589,100,0.245098039,60867,352938
3300026299-bin.13,3300026303-bin.37,99.93,99.93,0.98,0.98,'o__Flavobacteriales',2.741054,99.01960784,0.89869281,'o__Flavobacteriales',2.757121,100,0.245098039,60867,284367
3300026299-bin.15,3300009517-bin.19,99.94,99.94,0.99,0.98,'f__Comamonadaceae',3.922012,99.94840041,0.939112487,'f__Comamonadaceae',3.940028,99.69040248,1.042311662,113026,152627
3300026299-bin.15,3300026282-bin.11,99.83,99.83,0.55,0.96,'f__Comamonadaceae',3.922012,99.94840041,0.939112487,'f__Comamonadaceae',2.222644,63.88801102,1.238390093,113026,4741
3300026299-bin.15,3300026284-bin.18,99.01,99.01,0.84,0.94,'f__Comamonadaceae',3.922012,99.94840041,0.939112487,'f__Comamonadaceae',3.458563,94.33192113,2.435500516,113026,18742
3300026299-bin.15,3300026302-bin.10,99.94,99.94,0.98,0.99,'f__Comamonadaceae',3.922012,99.94840041,0.939112487,'f__Comamonadaceae',3.876006,99.94840041,1.042311662,113026,190275
3300026299-bin.22,3300026282-bin.15,100,100,1,0.99,'o__Actinomycetales',3.08373,98.01801802,0.540540541,'o__Actinomycetales',3.093982,98.01801802,0.540540541,156535,126231
3300026299-bin.22,3300026303-bin.14,99.92,99.92,0.52,0.95,'o__Actinomycetales',3.08373,98.01801802,0.540540541,'o__Actinomycetales',1.700865,48.37966538,0,156535,4766
3300026299-bin.24,3300009517-bin.37,99.97,99.97,0.94,0.95,'f__Xanthomonadaceae',3.652684,96.07985334,2.270114943,'f__Xanthomonadaceae',3.615735,99.60591133,0.890804598,27132,242245
3300026299-bin.24,3300026283-bin.13,99.97,99.97,0.95,0.95,'f__Xanthomonadaceae',3.652684,96.07985334,2.270114943,'f__Xanthomonadaceae',3.628147,99.76108374,0.890804598,27132,152113
3300026299-bin.24,3300026288-bin.14,99.97,99.97,0.92,0.95,'f__Xanthomonadaceae',3.652684,96.07985334,2.270114943,'k__Bacteria',3.514763,83.07210031,0,27132,24898
3300026299-bin.24,3300026302-bin.46,99.97,99.97,0.95,0.94,'f__Xanthomonadaceae',3.652684,96.07985334,2.270114943,'f__Xanthomonadaceae',3.641589,99.95073892,0.890804598,27132,237239
3300026299-bin.24,3300026303-bin.22,99.98,99.98,0.91,0.94,'f__Xanthomonadaceae',3.652684,96.07985334,2.270114943,'f__Xanthomonadaceae',3.519879,93.76598497,1.881922675,27132,17578
3300026299-bin.25,3300026282-bin.19,99.93,99.93,0.92,0.96,'o__Rhizobiales',4.163543,99.09836066,1.331967213,'o__Rhizobiales',3.993307,94.89443616,2.06284153,419704,17153
3300026299-bin.25,3300026303-bin.15,100,100,0.99,1,'o__Rhizobiales',4.163543,99.09836066,1.331967213,'o__Rhizobiales',4.114648,98.27868852,0.922131148,419704,233162
3300026299-bin.26,3300026289-bin.21,99.96,99.96,0.89,0.97,'f__Rhodobacteraceae',3.808849,99.33333333,0.151515152,'f__Rhodobacteraceae',3.485322,91.20504496,1.515151515,341555,11163
3300026299-bin.3,3300026282-bin.14,99.73,99.73,0.75,0.92,'o__Rhizobiales',4.877364,97.3092999,1.724137931,'o__Rhizobiales',3.980322,87.77429467,1.982758621,22733,8216
3300026299-bin.3,3300026283-bin.21,99.96,99.96,0.97,0.93,'o__Rhizobiales',4.877364,97.3092999,1.724137931,'o__Rhizobiales',5.083925,99.58202717,1.880877743,22733,114877
3300026299-bin.3,3300026287-bin.24,99.89,99.89,0.91,0.91,'o__Rhizobiales',4.877364,97.3092999,1.724137931,'o__Rhizobiales',4.883806,95.19331243,4.963427377,22733,21412
3300026299-bin.3,3300026303-bin.12,99.91,99.91,0.92,0.92,'o__Rhizobiales',4.877364,97.3092999,1.724137931,'o__Rhizobiales',4.867281,96.65621735,5.496342738,22733,21595
3300026299-bin.37,3300026302-bin.25,99.55,99.55,0.91,0.57,'o__Rhizobiales',2.645026,66.46822411,1.054852321,'o__Rhizobiales',4.231623,94.99341025,0.39556962,4186,17583
3300026299-bin.43,3300026282-bin.16,99.95,99.95,0.61,0.95,'f__Xanthomonadaceae',4.357926,99.8817734,0.666666667,'f__Xanthomonadaceae',2.80199,71.5825616,0.655172414,521902,5131
3300026299-bin.43,3300026284-bin.33,99.14,99.14,0.89,0.95,'f__Xanthomonadaceae',4.357926,99.8817734,0.666666667,'f__Xanthomonadaceae',4.098087,99.22660099,0.632183908,521902,237524
3300026299-bin.43,3300026289-bin.39,99.97,99.97,0.83,0.96,'f__Xanthomonadaceae',4.357926,99.8817734,0.666666667,'f__Xanthomonadaceae',3.754779,93.32129174,2.175287356,521902,12127
3300026299-bin.43,3300026303-bin.32,100,100,1,0.98,'f__Xanthomonadaceae',4.357926,99.8817734,0.666666667,'f__Xanthomonadaceae',4.41265,99.8817734,0.666666667,521902,1017527
3300026299-bin.44,3300026284-bin.15,99.65,99.65,0.98,0.97,'f__Xanthomonadaceae',2.861602,99.02298851,0,'f__Xanthomonadaceae',2.88815,99.02298851,0.344827586,285387,848070
3300026299-bin.44,3300026287-bin.1,99.99,99.99,0.97,0.96,'f__Xanthomonadaceae',2.861602,99.02298851,0,'f__Xanthomonadaceae',2.902371,99.02298851,0,285387,221470
3300026299-bin.50,3300026282-bin.21,99.99,99.99,0.93,0.96,'p__Bacteroidetes',4.096449,95.56650246,0,'p__Bacteroidetes',3.977724,96.4969896,1.477832512,792714,19215
3300026299-bin.50,3300026283-bin.9,99.99,99.99,0.79,0.94,'p__Bacteroidetes',4.096449,95.56650246,0,'p__Bacteroidetes',3.428687,83.97372742,0,792714,7813
3300026299-bin.50,3300026284-bin.28,100,100,1,0.97,'p__Bacteroidetes',4.096449,95.56650246,0,'p__Bacteroidetes',4.19613,99.01477833,0.492610837,792714,247555
3300026299-bin.50,3300026288-bin.16,100,100,0.99,0.99,'p__Bacteroidetes',4.096449,95.56650246,0,'p__Bacteroidetes',4.117668,97.04433498,0,792714,178479
3300026299-bin.50,3300026303-bin.42,100,100,1,0.99,'p__Bacteroidetes',4.096449,95.56650246,0,'p__Bacteroidetes',4.147469,98.02955665,0,792714,766094
3300026299-bin.9,3300026282-bin.4,99.54,99.54,0.93,0.92,'c__Betaproteobacteria',4.437306,100,2.170868347,'c__Betaproteobacteria',4.343859,100,0.504201681,97936,286944
3300026299-bin.9,3300026284-bin.34,99.82,99.81,0.86,0.95,'c__Betaproteobacteria',4.437306,100,2.170868347,'c__Betaproteobacteria',3.8965,96.03174603,6.296296296,97936,33036
3300026302-bin.13,3300026282-bin.4,99.47,99.47,0.94,0.93,'c__Betaproteobacteria',4.30404,100,0,'c__Betaproteobacteria',4.343859,100,0.504201681,170311,286944
3300026302-bin.13,3300026283-bin.2,99.98,99.98,0.91,0.99,'c__Betaproteobacteria',4.30404,100,0,'c__Betaproteobacteria',3.934843,99.36507937,0,170311,41723
3300026302-bin.13,3300026284-bin.34,99.89,99.89,0.87,0.95,'c__Betaproteobacteria',4.30404,100,0,'c__Betaproteobacteria',3.8965,96.03174603,6.296296296,170311,33036
3300026302-bin.13,3300026286-bin.25,100,100,1,1,'c__Betaproteobacteria',4.30404,100,0,'c__Betaproteobacteria',4.295075,100,0,170311,170311
3300026302-bin.13,3300026287-bin.11,99.52,99.52,0.74,0.94,'c__Betaproteobacteria',4.30404,100,0,'c__Betaproteobacteria',3.412878,70.95238095,0.028011204,170311,179057
3300026302-bin.13,3300026288-bin.41,99.62,99.62,0.92,0.95,'c__Betaproteobacteria',4.30404,100,0,'c__Betaproteobacteria',4.173611,100,0.742296919,170311,64846
3300026302-bin.13,3300026289-bin.9,99.57,99.57,0.94,0.95,'c__Betaproteobacteria',4.30404,100,0,'c__Betaproteobacteria',4.293485,99.28571429,0.028011204,170311,94504
3300026302-bin.13,3300026299-bin.9,99.59,99.59,0.95,0.92,'c__Betaproteobacteria',4.30404,100,0,'c__Betaproteobacteria',4.437306,100,2.170868347,170311,97936
3300026302-bin.17,3300009517-bin.28,99.81,99.81,0.66,0.9,'c__Betaproteobacteria',4.687952,99.84126984,0.238095238,'c__Betaproteobacteria',3.39122,77.27137288,1.666666667,94041,6332
3300026302-bin.17,3300026282-bin.29,99.99,99.99,0.99,0.99,'c__Betaproteobacteria',4.687952,99.84126984,0.238095238,'c__Betaproteobacteria',4.705999,99.84126984,0.238095238,94041,124432
3300026302-bin.17,3300026283-bin.31,99.99,99.99,0.99,0.99,'c__Betaproteobacteria',4.687952,99.84126984,0.238095238,'c__Betaproteobacteria',4.707168,99.84126984,0.238095238,94041,126689
3300026302-bin.17,3300026284-bin.9,99.97,99.97,0.99,0.98,'c__Betaproteobacteria',4.687952,99.84126984,0.238095238,'c__Betaproteobacteria',4.755952,99.84126984,0.238095238,94041,130909
3300026302-bin.17,3300026286-bin.30,99.99,99.99,0.77,0.96,'c__Betaproteobacteria',4.687952,99.84126984,0.238095238,'c__Betaproteobacteria',3.709601,87.90745245,1.587301587,94041,10896
3300026302-bin.17,3300026287-bin.6,99.97,99.98,0.6,0.94,'c__Betaproteobacteria',4.687952,99.84126984,0.238095238,'c__Betaproteobacteria',2.946063,68.40348085,0.714285714,94041,5053
3300026302-bin.17,3300026288-bin.13,100,100,0.99,0.98,'c__Betaproteobacteria',4.687952,99.84126984,0.238095238,'c__Betaproteobacteria',4.740729,99.84126984,0.238095238,94041,126689
3300026302-bin.17,3300026303-bin.18,99.99,99.99,0.98,0.99,'c__Betaproteobacteria',4.687952,99.84126984,0.238095238,'c__Betaproteobacteria',4.673485,99.36507937,0.238095238,94041,123869
3300026302-bin.18,3300009517-bin.13,100,100,0.99,0.99,'o__Burkholderiales',4.424497,99.84423676,0.058411215,'o__Burkholderiales',4.422216,99.84423676,0.058411215,145263,183379
3300026302-bin.19,3300026286-bin.15,100,100,0.97,0.94,'o__Actinomycetales',3.537019,97.2972973,0.648648649,'o__Actinomycetales',3.641867,98.64864865,0.725868726,118123,43093
3300026302-bin.20,3300009517-bin.27,100,100,0.99,1,'o__Burkholderiales',3.508081,100,0.700934579,'o__Burkholderiales',3.484508,99.06542056,0.700934579,490334,339682
3300026302-bin.20,3300026286-bin.19,99.99,99.99,0.98,0.98,'o__Burkholderiales',3.508081,100,0.700934579,'o__Burkholderiales',3.490759,99.91043614,0.934579439,490334,36299
3300026302-bin.22,3300026288-bin.6,100,100,0.96,0.76,'k__Bacteria',2.493229,79.46502058,0.925925926,'k__Bacteria',3.165353,93.98148148,0.925925926,6676,113120
3300026302-bin.26,3300026282-bin.15,100,100,0.98,0.99,'o__Actinomycetales',3.142539,98.01801802,0.617760618,'o__Actinomycetales',3.093982,98.01801802,0.540540541,135323,126231
3300026302-bin.26,3300026283-bin.10,100,100,0.98,0.99,'o__Actinomycetales',3.142539,98.01801802,0.617760618,'o__Actinomycetales',3.10017,98.01801802,0.540540541,135323,135323
3300026302-bin.26,3300026286-bin.24,100,100,0.97,1,'o__Actinomycetales',3.142539,98.01801802,0.617760618,'o__Actinomycetales',3.05691,98.01801802,0.540540541,135323,119990
3300026302-bin.26,3300026288-bin.39,99.99,99.99,0.97,1,'o__Actinomycetales',3.142539,98.01801802,0.617760618,'o__Actinomycetales',3.067318,95.85585586,0.585585586,135323,156346
3300026302-bin.26,3300026299-bin.22,100,100,0.98,0.99,'o__Actinomycetales',3.142539,98.01801802,0.617760618,'o__Actinomycetales',3.08373,98.01801802,0.540540541,135323,156535
3300026302-bin.26,3300026303-bin.14,99.96,99.96,0.52,0.96,'o__Actinomycetales',3.142539,98.01801802,0.617760618,'o__Actinomycetales',1.700865,48.37966538,0,135323,4766
3300026302-bin.27,3300026303-bin.10,99.59,99.59,0.6,0.93,'p__Bacteroidetes',3.975247,97.30706076,1.97044335,'p__Bacteroidetes',2.551376,69.82484948,1.330049261,68512,5394
3300026302-bin.28,3300026288-bin.23,99.98,99.98,0.96,0.88,'o__Burkholderiales',3.928692,91.32095319,0.58411215,'o__Burkholderiales',4.265696,98.48130841,0.981308411,11340,35748
3300026302-bin.32,3300026286-bin.37,100,100,0.98,0.99,'p__Bacteroidetes',3.899556,99.52380952,0,'p__Bacteroidetes',3.880715,99.04761905,0.238095238,119707,70500
3300026302-bin.4,3300026284-bin.7,99.73,99.73,0.88,0.77,'o__Rhizobiales',4.265044,80.347105,4.440961338,'o__Rhizobiales',4.873683,97.43589744,0.78369906,6108,63652
3300026302-bin.4,3300026289-bin.24,99.72,99.72,0.91,0.77,'o__Rhizobiales',4.265044,80.347105,4.440961338,'o__Rhizobiales',5.028743,99.26854754,0.78369906,6108,492604
3300026302-bin.40,3300009517-bin.38,99.52,99.52,0.67,0.85,'o__Actinomycetales',3.863479,96.91647151,1.092896175,'o__Actinomycetales',3.027782,58.56752537,3.825136612,27571,6069
3300026302-bin.40,3300026282-bin.34,99.86,99.86,0.95,0.92,'o__Actinomycetales',3.863479,96.91647151,1.092896175,'o__Actinomycetales',4.012101,97.17668488,0.819672131,27571,29416
3300026302-bin.40,3300026283-bin.15,99.83,99.83,0.8,0.9,'o__Actinomycetales',3.863479,96.91647151,1.092896175,'o__Actinomycetales',3.441846,83.76138434,1.717408275,27571,7976
3300026302-bin.40,3300026286-bin.6,99.75,99.75,0.56,0.92,'o__Actinomycetales',3.863479,96.91647151,1.092896175,'o__Actinomycetales',2.367902,68.52068696,0.72859745,27571,5118
3300026302-bin.40,3300026287-bin.16,99.77,99.77,0.66,0.93,'o__Actinomycetales',3.863479,96.91647151,1.092896175,'o__Actinomycetales',2.763225,68.78740567,0.72859745,27571,5900
3300026302-bin.40,3300026289-bin.6,99.87,99.87,0.97,0.91,'o__Actinomycetales',3.863479,96.91647151,1.092896175,'o__Actinomycetales',4.094279,99.27140255,0.546448087,27571,59780
3300026302-bin.40,3300026299-bin.10,99.87,99.87,0.96,0.92,'o__Actinomycetales',3.863479,96.91647151,1.092896175,'o__Actinomycetales',4.04806,99.45355191,0.6245121,27571,49313
3300026302-bin.40,3300026303-bin.46,99.86,99.86,0.97,0.92,'o__Actinomycetales',3.863479,96.91647151,1.092896175,'o__Actinomycetales',4.070868,99.45355191,0.546448087,27571,137042
3300026302-bin.44,3300009517-bin.25,99.97,99.97,0.94,0.73,'o__Actinomycetales',3.207473,72.25096525,0.810810811,'o__Actinomycetales',4.139388,98.86486486,0.540540541,5906,106523
3300026302-bin.44,3300026282-bin.26,99.95,99.95,0.94,0.73,'o__Actinomycetales',3.207473,72.25096525,0.810810811,'o__Actinomycetales',4.142505,98.91891892,0.540540541,5906,112272
3300026302-bin.44,3300026283-bin.20,99.96,99.96,0.94,0.73,'o__Actinomycetales',3.207473,72.25096525,0.810810811,'o__Actinomycetales',4.155238,98.91891892,1.081081081,5906,63016
3300026302-bin.44,3300026286-bin.27,99.97,99.97,0.94,0.73,'o__Actinomycetales',3.207473,72.25096525,0.810810811,'o__Actinomycetales',4.129518,98.91891892,0.594594595,5906,103643
3300026302-bin.44,3300026288-bin.43,99.95,99.95,0.95,0.73,'o__Actinomycetales',3.207473,72.25096525,0.810810811,'o__Actinomycetales',4.195066,99.45355191,1.912568306,5906,120723
3300026302-bin.44,3300026289-bin.20,99.97,99.97,0.92,0.73,'o__Actinomycetales',3.207473,72.25096525,0.810810811,'o__Actinomycetales',4.073711,98.91891892,0.720720721,5906,103697
3300026302-bin.44,3300026303-bin.41,99.95,99.95,0.91,0.73,'o__Actinomycetales',3.207473,72.25096525,0.810810811,'o__Actinomycetales',4.012819,97.83783784,0,5906,118559
3300026302-bin.45,3300009517-bin.12,100,100,0.99,0.99,'o__Cytophagales',7.522441,100,0,'o__Cytophagales',7.52184,100,0,146615,167470
3300026302-bin.46,3300026303-bin.22,99.99,99.99,0.91,0.95,'f__Xanthomonadaceae',3.641589,99.95073892,0.890804598,'f__Xanthomonadaceae',3.519879,93.76598497,1.881922675,237239,17578
3300026302-bin.47,3300026284-bin.15,99.63,99.63,0.94,0.98,'f__Xanthomonadaceae',2.992856,99.02298851,0,'f__Xanthomonadaceae',2.88815,99.02298851,0.344827586,1643145,848070
3300026302-bin.47,3300026287-bin.1,100,100,0.97,1,'f__Xanthomonadaceae',2.992856,99.02298851,0,'f__Xanthomonadaceae',2.902371,99.02298851,0,1643145,221470
3300026302-bin.47,3300026299-bin.44,99.99,99.99,0.95,0.99,'f__Xanthomonadaceae',2.992856,99.02298851,0,'f__Xanthomonadaceae',2.861602,99.02298851,0,1643145,285387
3300026302-bin.55,3300026287-bin.29,99.99,99.99,0.97,0.8,'c__Alphaproteobacteria',2.58315,84.97027323,1.082251082,'c__Alphaproteobacteria',3.105221,100,0,8104,1001986
3300026302-bin.55,3300026303-bin.30,99.98,99.98,0.96,0.79,'c__Alphaproteobacteria',2.58315,84.97027323,1.082251082,'c__Alphaproteobacteria',3.133592,99.51298701,1.76111767,8104,95056
3300026302-bin.59,3300026287-bin.37,99.96,99.96,0.89,0.93,'f__Xanthomonadaceae',3.663872,98.09854322,0.882594417,'f__Xanthomonadaceae',3.524528,95.61165846,0.701149425,18939,65856
3300026302-bin.60,3300026286-bin.32,99.96,99.96,0.59,0.89,'o__Burkholderiales',6.157568,98.09190031,0.514018692,'o__Burkholderiales',4.113334,64.8055741,0.767690254,32785,4837
3300026302-bin.62,3300026288-bin.17,100,100,0.98,0.99,'k__Bacteria',5.174124,97.43589744,0.56980057,'k__Bacteria',5.081691,97.43589744,0.56980057,386936,306079
3300026302-bin.9,3300009517-bin.30,100,100,1,0.98,'o__Flavobacteriales',2.734589,100,0.245098039,'o__Flavobacteriales',2.78366,100,0.490196078,352938,310039
3300026302-bin.9,3300026282-bin.17,99.9,99.9,0.99,0.98,'o__Flavobacteriales',2.734589,100,0.245098039,'o__Flavobacteriales',2.748949,99.26470588,0.245098039,352938,170194
3300026302-bin.9,3300026283-bin.26,99.9,99.9,0.99,0.96,'o__Flavobacteriales',2.734589,100,0.245098039,'o__Flavobacteriales',2.829154,99.50980392,0.245098039,352938,230994
3300026302-bin.9,3300026288-bin.5,99.92,99.92,0.99,0.97,'o__Flavobacteriales',2.734589,100,0.245098039,'o__Flavobacteriales',2.81079,99.50980392,0.408496732,352938,104072
3300026302-bin.9,3300026303-bin.37,99.93,99.93,0.99,0.98,'o__Flavobacteriales',2.734589,100,0.245098039,'o__Flavobacteriales',2.757121,100,0.245098039,352938,284367
3300026303-bin.14,3300026282-bin.15,99.92,99.92,0.95,0.52,'o__Actinomycetales',1.700865,48.37966538,0,'o__Actinomycetales',3.093982,98.01801802,0.540540541,4766,126231
3300026303-bin.18,3300026286-bin.30,100,100,0.77,0.96,'c__Betaproteobacteria',4.673485,99.36507937,0.238095238,'c__Betaproteobacteria',3.709601,87.90745245,1.587301587,123869,10896
3300026303-bin.18,3300026287-bin.6,99.98,99.98,0.6,0.94,'c__Betaproteobacteria',4.673485,99.36507937,0.238095238,'c__Betaproteobacteria',2.946063,68.40348085,0.714285714,123869,5053
3300026303-bin.19,3300026287-bin.4,99.99,99.99,0.95,0.94,'o__Rhizobiales',5.67164,94.14307004,2.732240437,'o__Rhizobiales',5.717539,99.50819672,2.18579235,24201,312409
3300026303-bin.19,3300026289-bin.4,99.91,99.91,0.61,0.94,'o__Rhizobiales',5.67164,94.14307004,2.732240437,'o__Rhizobiales',3.719613,64.23621461,0.423497268,24201,5255
3300026303-bin.2,3300026283-bin.8,99.96,99.96,0.86,0.96,'f__Rhodobacteraceae',3.812335,99.33333333,0.151515152,'f__Rhodobacteraceae',3.399877,91.36130536,1.388888889,232413,8515
3300026303-bin.2,3300026289-bin.21,99.96,99.96,0.89,0.97,'f__Rhodobacteraceae',3.812335,99.33333333,0.151515152,'f__Rhodobacteraceae',3.485322,91.20504496,1.515151515,232413,11163
3300026303-bin.2,3300026299-bin.26,100,100,1,1,'f__Rhodobacteraceae',3.812335,99.33333333,0.151515152,'f__Rhodobacteraceae',3.808849,99.33333333,0.151515152,232413,341555
3300026303-bin.25,3300026282-bin.4,99.52,99.51,0.93,0.92,'c__Betaproteobacteria',4.344974,100,0.028011204,'c__Betaproteobacteria',4.343859,100,0.504201681,94504,286944
3300026303-bin.25,3300026283-bin.2,99.74,99.74,0.9,0.98,'c__Betaproteobacteria',4.344974,100,0.028011204,'c__Betaproteobacteria',3.934843,99.36507937,0,94504,41723
3300026303-bin.25,3300026284-bin.34,99.82,99.82,0.86,0.95,'c__Betaproteobacteria',4.344974,100,0.028011204,'c__Betaproteobacteria',3.8965,96.03174603,6.296296296,94504,33036
3300026303-bin.25,3300026286-bin.25,99.57,99.56,0.94,0.95,'c__Betaproteobacteria',4.344974,100,0.028011204,'c__Betaproteobacteria',4.295075,100,0,94504,170311
3300026303-bin.25,3300026287-bin.11,99.98,99.98,0.78,0.99,'c__Betaproteobacteria',4.344974,100,0.028011204,'c__Betaproteobacteria',3.412878,70.95238095,0.028011204,94504,179057
3300026303-bin.25,3300026288-bin.41,99.58,99.58,0.92,0.95,'c__Betaproteobacteria',4.344974,100,0.028011204,'c__Betaproteobacteria',4.173611,100,0.742296919,94504,64846
3300026303-bin.25,3300026289-bin.9,99.99,99.99,0.98,0.99,'c__Betaproteobacteria',4.344974,100,0.028011204,'c__Betaproteobacteria',4.293485,99.28571429,0.028011204,94504,94504
3300026303-bin.25,3300026299-bin.9,99.98,99.98,0.98,0.95,'c__Betaproteobacteria',4.344974,100,0.028011204,'c__Betaproteobacteria',4.437306,100,2.170868347,94504,97936
3300026303-bin.25,3300026302-bin.13,99.57,99.56,0.94,0.94,'c__Betaproteobacteria',4.344974,100,0.028011204,'c__Betaproteobacteria',4.30404,100,0,94504,170311
3300026303-bin.28,3300026299-bin.4,100,100,0.99,0.98,'o__Rhizobiales',3.907283,99.6835443,0.215765247,'o__Rhizobiales',3.928868,99.6835443,0.0287687,61376,169161
3300026303-bin.29,3300026282-bin.3,99.93,99.93,0.92,0.96,'f__Rhodobacteraceae',4.082262,97.79292929,1.078643579,'f__Rhodobacteraceae',3.890882,99.53535354,0.757575758,32981,321684
3300026303-bin.29,3300026283-bin.11,99.94,99.94,0.89,0.92,'f__Rhodobacteraceae',4.082262,97.79292929,1.078643579,'f__Rhodobacteraceae',3.945089,92.19949495,1.828282828,32981,13605
3300026303-bin.29,3300026288-bin.19,99.94,99.94,0.94,0.96,'f__Rhodobacteraceae',4.082262,97.79292929,1.078643579,'f__Rhodobacteraceae',3.981499,99.53535354,0.757575758,32981,419288
3300026303-bin.29,3300026289-bin.44,99.82,99.83,0.68,0.89,'f__Rhodobacteraceae',4.082262,97.79292929,1.078643579,'f__Rhodobacteraceae',3.110174,72.87654013,1.777777778,32981,5458
3300026303-bin.29,3300026302-bin.33,99.04,99.04,0.53,0.95,'f__Rhodobacteraceae',4.082262,97.79292929,1.078643579,'f__Rhodobacteraceae',2.278051,60.04267954,0.858585859,32981,4699
3300026303-bin.30,3300026287-bin.29,100,100,0.99,0.98,'c__Alphaproteobacteria',3.133592,99.51298701,1.76111767,'c__Alphaproteobacteria',3.105221,100,0,95056,1001986
3300026303-bin.30,3300026289-bin.27,99.98,99.99,0.6,0.95,'c__Alphaproteobacteria',3.133592,99.51298701,1.76111767,'c__Alphaproteobacteria',1.929111,68.70150953,0.497835498,95056,5366
3300026303-bin.32,3300026282-bin.16,99.95,99.95,0.6,0.95,'f__Xanthomonadaceae',4.41265,99.8817734,0.666666667,'f__Xanthomonadaceae',2.80199,71.5825616,0.655172414,1017527,5131
3300026303-bin.32,3300026284-bin.33,99.13,99.13,0.88,0.95,'f__Xanthomonadaceae',4.41265,99.8817734,0.666666667,'f__Xanthomonadaceae',4.098087,99.22660099,0.632183908,1017527,237524
3300026303-bin.32,3300026289-bin.39,99.98,99.98,0.82,0.96,'f__Xanthomonadaceae',4.41265,99.8817734,0.666666667,'f__Xanthomonadaceae',3.754779,93.32129174,2.175287356,1017527,12127
3300026303-bin.33,3300026283-bin.29,99.99,99.99,0.98,0.99,'f__Xanthomonadaceae',3.813763,98.83004926,0.804597701,'k__Bacteria',3.767757,83.96551724,0,312092,116104
3300026303-bin.37,3300009517-bin.30,99.93,99.93,0.98,0.97,'o__Flavobacteriales',2.757121,100,0.245098039,'o__Flavobacteriales',2.78366,100,0.490196078,284367,310039
3300026303-bin.37,3300026282-bin.17,99.96,99.96,0.99,0.99,'o__Flavobacteriales',2.757121,100,0.245098039,'o__Flavobacteriales',2.748949,99.26470588,0.245098039,284367,170194
3300026303-bin.37,3300026283-bin.26,99.95,99.95,0.99,0.97,'o__Flavobacteriales',2.757121,100,0.245098039,'o__Flavobacteriales',2.829154,99.50980392,0.245098039,284367,230994
3300026303-bin.37,3300026288-bin.5,99.96,99.96,0.99,0.97,'o__Flavobacteriales',2.757121,100,0.245098039,'o__Flavobacteriales',2.81079,99.50980392,0.408496732,284367,104072
3300026303-bin.38,3300026299-bin.36,99.89,99.9,0.57,0.89,'o__Rhizobiales',3.649163,94.89816195,1.051912568,'o__Rhizobiales',2.344967,54.07890379,0.956284153,17114,4810
3300026303-bin.41,3300009517-bin.25,99.99,99.99,0.99,0.96,'o__Actinomycetales',4.012819,97.83783784,0,'o__Actinomycetales',4.139388,98.86486486,0.540540541,118559,106523
3300026303-bin.41,3300026282-bin.26,99.99,99.99,0.99,0.96,'o__Actinomycetales',4.012819,97.83783784,0,'o__Actinomycetales',4.142505,98.91891892,0.540540541,118559,112272
3300026303-bin.41,3300026283-bin.20,100,100,0.98,0.95,'o__Actinomycetales',4.012819,97.83783784,0,'o__Actinomycetales',4.155238,98.91891892,1.081081081,118559,63016
3300026303-bin.41,3300026286-bin.27,99.98,99.98,0.98,0.95,'o__Actinomycetales',4.012819,97.83783784,0,'o__Actinomycetales',4.129518,98.91891892,0.594594595,118559,103643
3300026303-bin.41,3300026289-bin.20,99.99,99.99,0.98,0.96,'o__Actinomycetales',4.012819,97.83783784,0,'o__Actinomycetales',4.073711,98.91891892,0.720720721,118559,103697
3300026303-bin.42,3300026288-bin.16,100,100,0.98,0.99,'p__Bacteroidetes',4.147469,98.02955665,0,'p__Bacteroidetes',4.117668,97.04433498,0,766094,178479
3300026303-bin.46,3300009517-bin.38,99.47,99.47,0.66,0.88,'o__Actinomycetales',4.070868,99.45355191,0.546448087,'o__Actinomycetales',3.027782,58.56752537,3.825136612,137042,6069
3300026303-bin.46,3300026282-bin.34,99.95,99.95,0.96,0.98,'o__Actinomycetales',4.070868,99.45355191,0.546448087,'o__Actinomycetales',4.012101,97.17668488,0.819672131,137042,29416
3300026303-bin.46,3300026283-bin.15,99.99,99.99,0.81,0.96,'o__Actinomycetales',4.070868,99.45355191,0.546448087,'o__Actinomycetales',3.441846,83.76138434,1.717408275,137042,7976
3300026303-bin.46,3300026286-bin.6,99.68,99.68,0.56,0.95,'o__Actinomycetales',4.070868,99.45355191,0.546448087,'o__Actinomycetales',2.367902,68.52068696,0.72859745,137042,5118
3300026303-bin.46,3300026287-bin.16,99.75,99.75,0.65,0.95,'o__Actinomycetales',4.070868,99.45355191,0.546448087,'o__Actinomycetales',2.763225,68.78740567,0.72859745,137042,5900
3300026303-bin.46,3300026299-bin.10,99.99,99.99,0.99,0.99,'o__Actinomycetales',4.070868,99.45355191,0.546448087,'o__Actinomycetales',4.04806,99.45355191,0.6245121,137042,49313
3300026303-bin.50,3300009517-bin.31,100,100,0.96,0.82,'f__Flavobacteriaceae',2.610543,86.4844089,0.35335689,'f__Flavobacteriaceae',3.088261,99.29328622,0.35335689,8223,298985