"bin1","bin2","ANI1","ANI2","AF1","AF2","classf1","size1","completeness1","redundancy1","classf2","size2","completeness2","redundancy2"
"3300009517-bin.15","3300026288-bin.32",99.92,99.92,0.91,0.66,"'p__Bacteroidetes'",4296524,74.8707370737074,1.73267326732673,"'p__Bacteroidetes'",5939362,97.029702970297,0.99009900990099
"3300009517-bin.19","3300026282-bin.11",99.83,99.83,0.55,0.96,"'f__Comamonadaceae'",3940028,99.6904024767802,1.04231166150671,"'f__Comamonadaceae'",2222644,63.8880110188663,1.23839009287926
"3300009517-bin.19","3300026284-bin.18",99.01,99.01,0.84,0.94,"'f__Comamonadaceae'",3940028,99.6904024767802,1.04231166150671,"'f__Comamonadaceae'",3458563,94.3319211341046,2.43550051599587
"3300009517-bin.19","3300026302-bin.10",99.99,99.99,0.98,0.99,"'f__Comamonadaceae'",3940028,99.6904024767802,1.04231166150671,"'f__Comamonadaceae'",3876006,99.9484004127967,1.04231166150671
"3300009517-bin.20","3300026282-bin.15",99.96,99.96,0.98,0.97,"'o__Actinomycetales'",3084950,96.03861003861,4.63063063063063,"'o__Actinomycetales'",3093982,98.018018018018,0.540540540540541
"3300009517-bin.20","3300026283-bin.10",99.96,99.96,0.98,0.97,"'o__Actinomycetales'",3084950,96.03861003861,4.63063063063063,"'o__Actinomycetales'",3100170,98.018018018018,0.540540540540541
"3300009517-bin.20","3300026286-bin.24",99.96,99.96,0.98,0.98,"'o__Actinomycetales'",3084950,96.03861003861,4.63063063063063,"'o__Actinomycetales'",3056910,98.018018018018,0.540540540540541
"3300009517-bin.20","3300026287-bin.39",99.96,99.96,0.98,0.97,"'o__Actinomycetales'",3084950,96.03861003861,4.63063063063063,"'o__Actinomycetales'",3089216,98.018018018018,0.540540540540541
"3300009517-bin.20","3300026288-bin.39",99.96,99.96,0.97,0.97,"'o__Actinomycetales'",3084950,96.03861003861,4.63063063063063,"'o__Actinomycetales'",3067318,95.8558558558559,0.585585585585586
"3300009517-bin.20","3300026289-bin.16",99.94,99.95,0.51,0.94,"'o__Actinomycetales'",3084950,96.03861003861,4.63063063063063,"'k__Bacteria'",1663910,46.7241379310345,0
"3300009517-bin.20","3300026299-bin.22",99.96,99.96,0.98,0.97,"'o__Actinomycetales'",3084950,96.03861003861,4.63063063063063,"'o__Actinomycetales'",3083730,98.018018018018,0.540540540540541
"3300009517-bin.20","3300026302-bin.26",99.96,99.96,0.98,0.96,"'o__Actinomycetales'",3084950,96.03861003861,4.63063063063063,"'o__Actinomycetales'",3142539,98.018018018018,0.617760617760618
"3300009517-bin.20","3300026303-bin.14",99.93,99.93,0.51,0.93,"'o__Actinomycetales'",3084950,96.03861003861,4.63063063063063,"'o__Actinomycetales'",1700865,48.3796653796654,0
"3300009517-bin.21","3300026282-bin.21",99.99,99.99,0.92,0.97,"'p__Bacteroidetes'",4185784,99.0147783251231,0,"'p__Bacteroidetes'",3977724,96.4969896004379,1.47783251231527
"3300009517-bin.21","3300026283-bin.9",99.99,99.99,0.79,0.96,"'p__Bacteroidetes'",4185784,99.0147783251231,0,"'p__Bacteroidetes'",3428687,83.9737274220033,0
"3300009517-bin.21","3300026284-bin.28",100,100,1,1,"'p__Bacteroidetes'",4185784,99.0147783251231,0,"'p__Bacteroidetes'",4196130,99.0147783251231,0.492610837438424
"3300009517-bin.21","3300026287-bin.13",100,100,0.99,0.99,"'p__Bacteroidetes'",4185784,99.0147783251231,0,"'p__Bacteroidetes'",4189527,99.5073891625616,0
"3300009517-bin.21","3300026288-bin.16",100,100,0.98,1,"'p__Bacteroidetes'",4185784,99.0147783251231,0,"'p__Bacteroidetes'",4117668,97.0443349753695,0
"3300009517-bin.21","3300026299-bin.50",100,100,0.98,1,"'p__Bacteroidetes'",4185784,99.0147783251231,0,"'p__Bacteroidetes'",4096449,95.5665024630542,0
"3300009517-bin.21","3300026303-bin.42",100,100,0.99,1,"'p__Bacteroidetes'",4185784,99.0147783251231,0,"'p__Bacteroidetes'",4147469,98.0295566502463,0
"3300009517-bin.25","3300026283-bin.20",99.99,99.99,0.98,0.97,"'o__Actinomycetales'",4139388,98.8648648648649,0.540540540540541,"'o__Actinomycetales'",4155238,98.9189189189189,1.08108108108108
"3300009517-bin.25","3300026286-bin.27",99.99,99.99,0.98,0.98,"'o__Actinomycetales'",4139388,98.8648648648649,0.540540540540541,"'o__Actinomycetales'",4129518,98.9189189189189,0.594594594594595
"3300009517-bin.28","3300026284-bin.9",99.8,99.8,0.91,0.65,"'c__Betaproteobacteria'",3391220,77.271372876636,1.66666666666667,"'c__Betaproteobacteria'",4755952,99.8412698412698,0.238095238095238
"3300009517-bin.28","3300026303-bin.18",99.82,99.82,0.91,0.66,"'c__Betaproteobacteria'",3391220,77.271372876636,1.66666666666667,"'c__Betaproteobacteria'",4673485,99.3650793650794,0.238095238095238
"3300009517-bin.29","3300026286-bin.33",99.82,99.83,0.63,0.95,"'o__Rhizobiales'",3589362,98.5370950888192,0.167189132706374,"'o__Rhizobiales'",2387271,68.3210390172415,1.1952288218111
"3300009517-bin.29","3300026302-bin.42",99.99,99.99,0.97,0.99,"'o__Rhizobiales'",3589362,98.5370950888192,0.167189132706374,"'o__Rhizobiales'",3520126,98.2758620689655,0
"3300009517-bin.3","3300026286-bin.15",100,100,0.97,0.98,"'o__Actinomycetales'",3662903,98.9526411657559,0.546448087431694,"'o__Actinomycetales'",3641867,98.6486486486486,0.725868725868726
"3300009517-bin.3","3300026302-bin.19",99.99,99.99,0.95,0.99,"'o__Actinomycetales'",3662903,98.9526411657559,0.546448087431694,"'o__Actinomycetales'",3537019,97.2972972972973,0.648648648648649
"3300009517-bin.30","3300026282-bin.17",99.9,99.9,0.97,0.99,"'o__Flavobacteriales'",2783660,100,0.490196078431373,"'o__Flavobacteriales'",2748949,99.2647058823529,0.245098039215686
"3300009517-bin.30","3300026283-bin.26",99.9,99.9,0.98,0.97,"'o__Flavobacteriales'",2783660,100,0.490196078431373,"'o__Flavobacteriales'",2829154,99.5098039215686,0.245098039215686
"3300009517-bin.30","3300026288-bin.5",99.92,99.92,0.99,0.98,"'o__Flavobacteriales'",2783660,100,0.490196078431373,"'o__Flavobacteriales'",2810790,99.5098039215686,0.408496732026144
"3300009517-bin.36","3300026288-bin.17",99.98,99.98,0.95,0.9,"'k__Bacteria'",4795255,91.1680911680912,0.427350427350427,"'k__Bacteria'",5081691,97.4358974358974,0.56980056980057
"3300009517-bin.36","3300026302-bin.62",99.97,99.97,0.95,0.89,"'k__Bacteria'",4795255,91.1680911680912,0.427350427350427,"'k__Bacteria'",5174124,97.4358974358974,0.56980056980057
"3300009517-bin.37","3300026283-bin.13",100,100,0.99,0.99,"'f__Xanthomonadaceae'",3615735,99.6059113300493,0.890804597701149,"'f__Xanthomonadaceae'",3628147,99.7610837438423,0.890804597701149
"3300009517-bin.37","3300026288-bin.14",99.99,99.99,0.94,0.97,"'f__Xanthomonadaceae'",3615735,99.6059113300493,0.890804597701149,"'k__Bacteria'",3514763,83.0721003134796,0
"3300009517-bin.37","3300026302-bin.46",100,100,1,0.99,"'f__Xanthomonadaceae'",3615735,99.6059113300493,0.890804597701149,"'f__Xanthomonadaceae'",3641589,99.9507389162562,0.890804597701149
"3300009517-bin.37","3300026303-bin.22",99.97,99.97,0.92,0.95,"'f__Xanthomonadaceae'",3615735,99.6059113300493,0.890804597701149,"'f__Xanthomonadaceae'",3519879,93.7659849728815,1.88192267502612
"3300009517-bin.39","3300026283-bin.4",99.54,99.54,0.97,0.92,"'f__Xanthomonadaceae'",2769552,98.1264367816092,0.915161466885605,"'f__Xanthomonadaceae'",2875643,98.9080459770115,0
"3300009517-bin.39","3300026284-bin.15",99.55,99.55,0.97,0.92,"'f__Xanthomonadaceae'",2769552,98.1264367816092,0.915161466885605,"'f__Xanthomonadaceae'",2888150,99.0229885057471,0.344827586206897
"3300009517-bin.39","3300026286-bin.1",99.99,99.99,0.97,0.97,"'f__Xanthomonadaceae'",2769552,98.1264367816092,0.915161466885605,"'f__Xanthomonadaceae'",2745507,99.0229885057471,0
"3300009517-bin.39","3300026287-bin.1",99.55,99.55,0.97,0.91,"'f__Xanthomonadaceae'",2769552,98.1264367816092,0.915161466885605,"'f__Xanthomonadaceae'",2902371,99.0229885057471,0
"3300009517-bin.39","3300026288-bin.42",99.58,99.58,0.92,0.97,"'f__Xanthomonadaceae'",2769552,98.1264367816092,0.915161466885605,"'f__Xanthomonadaceae'",2566944,92.816091954023,0.344827586206897
"3300009517-bin.39","3300026299-bin.44",99.55,99.55,0.96,0.92,"'f__Xanthomonadaceae'",2769552,98.1264367816092,0.915161466885605,"'f__Xanthomonadaceae'",2861602,99.0229885057471,0
"3300009517-bin.39","3300026302-bin.47",99.54,99.54,0.97,0.89,"'f__Xanthomonadaceae'",2769552,98.1264367816092,0.915161466885605,"'f__Xanthomonadaceae'",2992856,99.0229885057471,0
"3300009517-bin.4","3300026286-bin.18",99.96,99.96,0.93,0.97,"'o__Burkholderiales'",3391324,99.2990654205608,0.992990654205608,"'o__Burkholderiales'",3242642,94.4650948739734,1.43302180685358
"3300009517-bin.4","3300026288-bin.45",99.87,99.87,0.98,0.99,"'o__Burkholderiales'",3391324,99.2990654205608,0.992990654205608,"'o__Burkholderiales'",3349126,99.7663551401869,0.467289719626168
"3300009517-bin.4","3300026302-bin.31",99.98,99.98,0.99,0.98,"'o__Burkholderiales'",3391324,99.2990654205608,0.992990654205608,"'o__Burkholderiales'",3411196,99.2565845369584,0.962900028320589
"3300009517-bin.42","3300026286-bin.32",99.94,99.94,0.59,0.93,"'o__Burkholderiales'",6437877,99.6105919003115,2.83155318202047,"'o__Burkholderiales'",4113334,64.8055740987984,0.767690253671562
"3300009517-bin.42","3300026302-bin.60",99.98,99.98,0.94,0.97,"'o__Burkholderiales'",6437877,99.6105919003115,2.83155318202047,"'o__Burkholderiales'",6157568,98.0919003115265,0.514018691588785
"3300009517-bin.5","3300026286-bin.37",99.99,100,0.98,0.95,"'k__Bacteria'",3781861,82.7586206896552,0,"'p__Bacteroidetes'",3880715,99.0476190476191,0.238095238095238
"3300009517-bin.5","3300026302-bin.32",99.99,99.99,0.99,0.96,"'k__Bacteria'",3781861,82.7586206896552,0,"'p__Bacteroidetes'",3899556,99.5238095238095,0
"3300009517-bin.51","3300026286-bin.17",99.97,99.97,0.92,0.75,"'k__Bacteria'",5975557,81.1818181818182,1.81818181818182,"'k__Bacteria'",7402417,93.6363636363636,0
"3300009517-bin.52","3300026303-bin.48",99.94,99.94,0.62,0.93,"'o__Actinomycetales'",3554087,90.6723414754503,3.09647174932149,"'k__Bacteria'",2380043,39.1849529780564,1.72413793103448
"3300009517-bin.6","3300026286-bin.4",100,100,0.96,1,"'c__Alphaproteobacteria'",2980669,98.4307359307359,0.324675324675325,"'c__Alphaproteobacteria'",2855279,97.45670995671,0.324675324675325
"3300026282-bin.11","3300026284-bin.18",99.02,99.02,0.87,0.56,"'f__Comamonadaceae'",2222644,63.8880110188663,1.23839009287926,"'f__Comamonadaceae'",3458563,94.3319211341046,2.43550051599587
"3300026282-bin.11","3300026302-bin.10",99.84,99.84,0.95,0.55,"'f__Comamonadaceae'",2222644,63.8880110188663,1.23839009287926,"'f__Comamonadaceae'",3876006,99.9484004127967,1.04231166150671
"3300026282-bin.12","3300009517-bin.39",99.99,99.99,0.95,0.96,"'f__Xanthomonadaceae'",2812730,99.0229885057471,0,"'f__Xanthomonadaceae'",2769552,98.1264367816092,0.915161466885605
"3300026282-bin.12","3300026283-bin.4",99.35,99.35,0.96,0.94,"'f__Xanthomonadaceae'",2812730,99.0229885057471,0,"'f__Xanthomonadaceae'",2875643,98.9080459770115,0
"3300026282-bin.12","3300026284-bin.15",99.27,99.27,0.97,0.94,"'f__Xanthomonadaceae'",2812730,99.0229885057471,0,"'f__Xanthomonadaceae'",2888150,99.0229885057471,0.344827586206897
"3300026282-bin.12","3300026286-bin.1",100,100,0.97,0.99,"'f__Xanthomonadaceae'",2812730,99.0229885057471,0,"'f__Xanthomonadaceae'",2745507,99.0229885057471,0
"3300026282-bin.12","3300026287-bin.1",99.44,99.44,0.95,0.92,"'f__Xanthomonadaceae'",2812730,99.0229885057471,0,"'f__Xanthomonadaceae'",2902371,99.0229885057471,0
"3300026282-bin.12","3300026288-bin.42",99.48,99.48,0.9,0.98,"'f__Xanthomonadaceae'",2812730,99.0229885057471,0,"'f__Xanthomonadaceae'",2566944,92.816091954023,0.344827586206897
"3300026282-bin.12","3300026299-bin.44",99.25,99.25,0.96,0.94,"'f__Xanthomonadaceae'",2812730,99.0229885057471,0,"'f__Xanthomonadaceae'",2861602,99.0229885057471,0
"3300026282-bin.12","3300026302-bin.47",99.24,99.24,0.97,0.91,"'f__Xanthomonadaceae'",2812730,99.0229885057471,0,"'f__Xanthomonadaceae'",2992856,99.0229885057471,0
"3300026282-bin.14","3300026283-bin.21",99.76,99.76,0.95,0.75,"'o__Rhizobiales'",3980322,87.7742946708464,1.98275862068966,"'o__Rhizobiales'",5083925,99.5820271682341,1.88087774294671
"3300026282-bin.14","3300026303-bin.12",99.72,99.72,0.93,0.76,"'o__Rhizobiales'",3980322,87.7742946708464,1.98275862068966,"'o__Rhizobiales'",4867281,96.6562173458725,5.49634273772205
"3300026282-bin.17","3300026288-bin.5",99.94,99.94,0.99,0.97,"'o__Flavobacteriales'",2748949,99.2647058823529,0.245098039215686,"'o__Flavobacteriales'",2810790,99.5098039215686,0.408496732026144
"3300026282-bin.19","3300026303-bin.15",99.93,99.93,0.95,0.92,"'o__Rhizobiales'",3993307,94.894436164928,2.06284153005464,"'o__Rhizobiales'",4114648,98.2786885245902,0.922131147540984
"3300026282-bin.21","3300026284-bin.28",99.99,99.99,0.97,0.92,"'p__Bacteroidetes'",3977724,96.4969896004379,1.47783251231527,"'p__Bacteroidetes'",4196130,99.0147783251231,0.492610837438424
"3300026282-bin.21","3300026288-bin.16",99.99,99.99,0.96,0.93,"'p__Bacteroidetes'",3977724,96.4969896004379,1.47783251231527,"'p__Bacteroidetes'",4117668,97.0443349753695,0
"3300026282-bin.21","3300026303-bin.42",99.99,99.99,0.97,0.93,"'p__Bacteroidetes'",3977724,96.4969896004379,1.47783251231527,"'p__Bacteroidetes'",4147469,98.0295566502463,0
"3300026282-bin.22","3300026288-bin.33",99.99,99.99,0.61,0.89,"'k__Bacteria'",3321396,93.9393939393939,1.34408602150538,"'k__Bacteria'",2267571,65.3413163897035,0.537634408602151
"3300026282-bin.22","3300026289-bin.28",99.99,99.99,0.98,0.9,"'k__Bacteria'",3321396,93.9393939393939,1.34408602150538,"'k__Bacteria'",3594400,100,1.61290322580645
"3300026282-bin.26","3300009517-bin.25",99.99,99.99,0.99,0.99,"'o__Actinomycetales'",4142505,98.9189189189189,0.540540540540541,"'o__Actinomycetales'",4139388,98.8648648648649,0.540540540540541
"3300026282-bin.26","3300026283-bin.20",100,100,0.98,0.98,"'o__Actinomycetales'",4142505,98.9189189189189,0.540540540540541,"'o__Actinomycetales'",4155238,98.9189189189189,1.08108108108108
"3300026282-bin.26","3300026286-bin.27",99.99,99.99,0.98,0.98,"'o__Actinomycetales'",4142505,98.9189189189189,0.540540540540541,"'o__Actinomycetales'",4129518,98.9189189189189,0.594594594594595
"3300026282-bin.29","3300009517-bin.28",99.82,99.82,0.66,0.9,"'c__Betaproteobacteria'",4705999,99.8412698412698,0.238095238095238,"'c__Betaproteobacteria'",3391220,77.271372876636,1.66666666666667
"3300026282-bin.29","3300026284-bin.9",99.97,99.97,1,0.99,"'c__Betaproteobacteria'",4705999,99.8412698412698,0.238095238095238,"'c__Betaproteobacteria'",4755952,99.8412698412698,0.238095238095238
"3300026282-bin.29","3300026286-bin.30",100,100,0.77,0.97,"'c__Betaproteobacteria'",4705999,99.8412698412698,0.238095238095238,"'c__Betaproteobacteria'",3709601,87.9074524546661,1.58730158730159
"3300026282-bin.29","3300026287-bin.6",99.98,99.98,0.59,0.94,"'c__Betaproteobacteria'",4705999,99.8412698412698,0.238095238095238,"'c__Betaproteobacteria'",2946063,68.4034808500753,0.714285714285714
"3300026282-bin.29","3300026288-bin.13",100,100,1,0.99,"'c__Betaproteobacteria'",4705999,99.8412698412698,0.238095238095238,"'c__Betaproteobacteria'",4740729,99.8412698412698,0.238095238095238
"3300026282-bin.29","3300026303-bin.18",100,100,0.99,1,"'c__Betaproteobacteria'",4705999,99.8412698412698,0.238095238095238,"'c__Betaproteobacteria'",4673485,99.3650793650794,0.238095238095238
"3300026282-bin.3","3300026283-bin.11",99.94,99.94,0.91,0.9,"'f__Rhodobacteraceae'",3890882,99.5353535353536,0.757575757575758,"'f__Rhodobacteraceae'",3945089,92.1994949494949,1.82828282828283
"3300026282-bin.34","3300009517-bin.38",99.49,99.49,0.65,0.86,"'o__Actinomycetales'",4012101,97.1766848816029,0.819672131147541,"'o__Actinomycetales'",3027782,58.5675253708041,3.82513661202186
"3300026282-bin.35","3300026283-bin.18",99.9,99.9,0.96,0.8,"'k__Bacteria'",2647329,90.2550091074681,1.74863387978142,"'k__Bacteria'",3170547,98.3606557377049,1.36612021857923
"3300026282-bin.35","3300026286-bin.9",99.79,99.79,0.73,0.84,"'k__Bacteria'",2647329,90.2550091074681,1.74863387978142,"'k__Bacteria'",2307092,79.4726930320151,0.484506077726417
"3300026282-bin.35","3300026288-bin.3",99.87,99.87,0.95,0.79,"'k__Bacteria'",2647329,90.2550091074681,1.74863387978142,"'k__Bacteria'",3157517,98.3050847457627,2.82485875706215
"3300026282-bin.37","3300026288-bin.30",99.99,99.99,0.95,0.91,"'f__Flavobacteriaceae'",3234474,97.6055421238609,0.353356890459364,"'f__Flavobacteriaceae'",3379531,98.7632508833922,0.530035335689046
"3300026282-bin.5","3300026288-bin.36",100,100,0.99,1,"'c__Alphaproteobacteria'",2627818,99.9458874458875,0,"'c__Alphaproteobacteria'",2602594,99.9458874458875,0.243506493506494
"3300026282-bin.5","3300026289-bin.13",99.98,99.98,0.95,1,"'c__Alphaproteobacteria'",2627818,99.9458874458875,0,"'c__Alphaproteobacteria'",2493674,95.7251082251082,0.011595547309833
"3300026282-bin.5","3300026299-bin.41",100,100,0.96,0.99,"'c__Alphaproteobacteria'",2627818,99.9458874458875,0,"'c__Alphaproteobacteria'",2543239,99.8699893180412,1.53925619834711
"3300026282-bin.6","3300026287-bin.17",99.98,99.98,1,1,"'o__Rhizobiales'",3937124,99.6835443037975,0.0287686996547756,"'o__Rhizobiales'",3938694,99.6835443037975,0.0287686996547756
"3300026282-bin.6","3300026299-bin.4",99.99,99.99,0.99,1,"'o__Rhizobiales'",3937124,99.6835443037975,0.0287686996547756,"'o__Rhizobiales'",3928868,99.6835443037975,0.0287686996547756
"3300026282-bin.6","3300026303-bin.28",99.99,99.99,0.98,0.99,"'o__Rhizobiales'",3937124,99.6835443037975,0.0287686996547756,"'o__Rhizobiales'",3907283,99.6835443037975,0.215765247410817
"3300026283-bin.10","3300026282-bin.15",100,100,1,1,"'o__Actinomycetales'",3100170,98.018018018018,0.540540540540541,"'o__Actinomycetales'",3093982,98.018018018018,0.540540540540541
"3300026283-bin.10","3300026288-bin.39",99.99,99.99,0.99,1,"'o__Actinomycetales'",3100170,98.018018018018,0.540540540540541,"'o__Actinomycetales'",3067318,95.8558558558559,0.585585585585586
"3300026283-bin.10","3300026299-bin.22",100,100,0.99,1,"'o__Actinomycetales'",3100170,98.018018018018,0.540540540540541,"'o__Actinomycetales'",3083730,98.018018018018,0.540540540540541
"3300026283-bin.10","3300026303-bin.14",99.93,99.93,0.52,0.95,"'o__Actinomycetales'",3100170,98.018018018018,0.540540540540541,"'o__Actinomycetales'",1700865,48.3796653796654,0
"3300026283-bin.13","3300026302-bin.46",100,100,0.99,0.99,"'f__Xanthomonadaceae'",3628147,99.7610837438423,0.890804597701149,"'f__Xanthomonadaceae'",3641589,99.9507389162562,0.890804597701149
"3300026283-bin.13","3300026303-bin.22",99.99,99.99,0.92,0.95,"'f__Xanthomonadaceae'",3628147,99.7610837438423,0.890804597701149,"'f__Xanthomonadaceae'",3519879,93.7659849728815,1.88192267502612
"3300026283-bin.15","3300026282-bin.34",99.92,99.92,0.93,0.8,"'o__Actinomycetales'",3441846,83.7613843351548,1.71740827478532,"'o__Actinomycetales'",4012101,97.1766848816029,0.819672131147541
"3300026283-bin.19","3300026299-bin.48",99.98,99.98,0.7,0.95,"'p__Bacteroidetes'",2979717,99.0147783251231,0.985221674876847,"'p__Bacteroidetes'",2190457,72.0552818828681,2.21674876847291
"3300026283-bin.2","3300026282-bin.4",99.62,99.62,0.96,0.88,"'c__Betaproteobacteria'",3934843,99.3650793650794,0,"'c__Betaproteobacteria'",4343859,100,0.504201680672269
"3300026283-bin.2","3300026284-bin.34",99.91,99.91,0.93,0.94,"'c__Betaproteobacteria'",3934843,99.3650793650794,0,"'c__Betaproteobacteria'",3896500,96.031746031746,6.2962962962963
"3300026283-bin.2","3300026288-bin.41",99.69,99.69,0.96,0.91,"'c__Betaproteobacteria'",3934843,99.3650793650794,0,"'c__Betaproteobacteria'",4173611,100,0.742296918767507
"3300026283-bin.2","3300026289-bin.9",99.74,99.74,0.98,0.9,"'c__Betaproteobacteria'",3934843,99.3650793650794,0,"'c__Betaproteobacteria'",4293485,99.2857142857143,0.0280112044817927
"3300026283-bin.2","3300026299-bin.9",99.74,99.74,0.98,0.88,"'c__Betaproteobacteria'",3934843,99.3650793650794,0,"'c__Betaproteobacteria'",4437306,100,2.17086834733894
"3300026283-bin.20","3300026286-bin.27",99.98,99.98,0.97,0.98,"'o__Actinomycetales'",4155238,98.9189189189189,1.08108108108108,"'o__Actinomycetales'",4129518,98.9189189189189,0.594594594594595
"3300026283-bin.21","3300026303-bin.12",99.94,99.94,0.91,0.96,"'o__Rhizobiales'",5083925,99.5820271682341,1.88087774294671,"'o__Rhizobiales'",4867281,96.6562173458725,5.49634273772205
"3300026283-bin.22","3300026288-bin.10",99.09,99.09,0.61,0.89,"'o__Actinomycetales'",3091566,94.8648648648649,2.16216216216216,"'o__Actinomycetales'",2097140,67.6705276705277,0.585585585585586
"3300026283-bin.22","3300026299-bin.11",99.02,99.02,0.73,0.89,"'o__Actinomycetales'",3091566,94.8648648648649,2.16216216216216,"'o__Actinomycetales'",2525864,76.2316602316602,1.04504504504505
"3300026283-bin.22","3300026303-bin.36",99.95,99.95,0.8,0.93,"'o__Actinomycetales'",3091566,94.8648648648649,2.16216216216216,"'o__Actinomycetales'",2655305,75.6756756756757,0.810810810810811
"3300026283-bin.24","3300026282-bin.6",99.98,99.98,0.99,0.95,"'o__Rhizobiales'",3784231,99.6835443037975,0.0287686996547756,"'o__Rhizobiales'",3937124,99.6835443037975,0.0287686996547756
"3300026283-bin.24","3300026287-bin.17",100,100,0.99,0.95,"'o__Rhizobiales'",3784231,99.6835443037975,0.0287686996547756,"'o__Rhizobiales'",3938694,99.6835443037975,0.0287686996547756
"3300026283-bin.24","3300026288-bin.18",100,100,0.99,0.95,"'o__Rhizobiales'",3784231,99.6835443037975,0.0287686996547756,"'o__Rhizobiales'",3929675,99.6835443037975,0.0287686996547756
"3300026283-bin.24","3300026289-bin.26",100,100,0.99,0.95,"'o__Rhizobiales'",3784231,99.6835443037975,0.0287686996547756,"'o__Rhizobiales'",3918535,99.6835443037975,0.0287686996547756
"3300026283-bin.24","3300026299-bin.4",100,100,0.99,0.95,"'o__Rhizobiales'",3784231,99.6835443037975,0.0287686996547756,"'o__Rhizobiales'",3928868,99.6835443037975,0.0287686996547756
"3300026283-bin.24","3300026303-bin.28",100,100,0.98,0.95,"'o__Rhizobiales'",3784231,99.6835443037975,0.0287686996547756,"'o__Rhizobiales'",3907283,99.6835443037975,0.215765247410817
"3300026283-bin.26","3300026282-bin.17",99.93,99.93,0.96,0.99,"'o__Flavobacteriales'",2829154,99.5098039215686,0.245098039215686,"'o__Flavobacteriales'",2748949,99.2647058823529,0.245098039215686
"3300026283-bin.26","3300026288-bin.5",99.93,99.93,0.98,0.99,"'o__Flavobacteriales'",2829154,99.5098039215686,0.245098039215686,"'o__Flavobacteriales'",2810790,99.5098039215686,0.408496732026144
"3300026283-bin.28","3300009517-bin.49",100,100,0.96,0.99,"'o__Sphingomonadales'",4481396,99.9799237100984,1.55591246737603,"'o__Sphingomonadales'",4371832,99.9799237100984,1.55591246737603
"3300026283-bin.31","3300009517-bin.28",99.82,99.82,0.66,0.9,"'c__Betaproteobacteria'",4707168,99.8412698412698,0.238095238095238,"'c__Betaproteobacteria'",3391220,77.271372876636,1.66666666666667
"3300026283-bin.31","3300026282-bin.29",100,100,1,1,"'c__Betaproteobacteria'",4707168,99.8412698412698,0.238095238095238,"'c__Betaproteobacteria'",4705999,99.8412698412698,0.238095238095238
"3300026283-bin.31","3300026284-bin.9",99.97,99.97,1,0.99,"'c__Betaproteobacteria'",4707168,99.8412698412698,0.238095238095238,"'c__Betaproteobacteria'",4755952,99.8412698412698,0.238095238095238
"3300026283-bin.31","3300026286-bin.30",100,100,0.77,0.96,"'c__Betaproteobacteria'",4707168,99.8412698412698,0.238095238095238,"'c__Betaproteobacteria'",3709601,87.9074524546661,1.58730158730159
"3300026283-bin.31","3300026287-bin.6",99.98,99.98,0.59,0.94,"'c__Betaproteobacteria'",4707168,99.8412698412698,0.238095238095238,"'c__Betaproteobacteria'",2946063,68.4034808500753,0.714285714285714
"3300026283-bin.31","3300026288-bin.13",100,100,1,0.99,"'c__Betaproteobacteria'",4707168,99.8412698412698,0.238095238095238,"'c__Betaproteobacteria'",4740729,99.8412698412698,0.238095238095238
"3300026283-bin.31","3300026303-bin.18",100,100,0.99,1,"'c__Betaproteobacteria'",4707168,99.8412698412698,0.238095238095238,"'c__Betaproteobacteria'",4673485,99.3650793650794,0.238095238095238
"3300026283-bin.4","3300026284-bin.15",99.64,99.64,0.97,0.96,"'f__Xanthomonadaceae'",2875643,98.9080459770115,0,"'f__Xanthomonadaceae'",2888150,99.0229885057471,0.344827586206897
"3300026283-bin.4","3300026287-bin.1",99.97,99.96,0.98,0.97,"'f__Xanthomonadaceae'",2875643,98.9080459770115,0,"'f__Xanthomonadaceae'",2902371,99.0229885057471,0
"3300026283-bin.4","3300026288-bin.42",99.99,99.99,0.89,0.99,"'f__Xanthomonadaceae'",2875643,98.9080459770115,0,"'f__Xanthomonadaceae'",2566944,92.816091954023,0.344827586206897
"3300026283-bin.4","3300026299-bin.44",100,100,0.98,0.98,"'f__Xanthomonadaceae'",2875643,98.9080459770115,0,"'f__Xanthomonadaceae'",2861602,99.0229885057471,0
"3300026283-bin.4","3300026302-bin.47",99.96,99.96,0.99,0.96,"'f__Xanthomonadaceae'",2875643,98.9080459770115,0,"'f__Xanthomonadaceae'",2992856,99.0229885057471,0
"3300026283-bin.8","3300026289-bin.21",99.95,99.95,0.88,0.85,"'f__Rhodobacteraceae'",3399877,91.3613053613054,1.38888888888889,"'f__Rhodobacteraceae'",3485322,91.205044955045,1.51515151515152
"3300026283-bin.8","3300026299-bin.26",99.96,99.96,0.96,0.86,"'f__Rhodobacteraceae'",3399877,91.3613053613054,1.38888888888889,"'f__Rhodobacteraceae'",3808849,99.3333333333333,0.151515151515152
"3300026283-bin.9","3300026282-bin.21",99.98,99.98,0.9,0.78,"'p__Bacteroidetes'",3428687,83.9737274220033,0,"'p__Bacteroidetes'",3977724,96.4969896004379,1.47783251231527
"3300026283-bin.9","3300026284-bin.28",99.99,99.99,0.96,0.78,"'p__Bacteroidetes'",3428687,83.9737274220033,0,"'p__Bacteroidetes'",4196130,99.0147783251231,0.492610837438424
"3300026283-bin.9","3300026288-bin.16",99.99,99.99,0.95,0.79,"'p__Bacteroidetes'",3428687,83.9737274220033,0,"'p__Bacteroidetes'",4117668,97.0443349753695,0
"3300026283-bin.9","3300026303-bin.42",99.99,99.99,0.95,0.79,"'p__Bacteroidetes'",3428687,83.9737274220033,0,"'p__Bacteroidetes'",4147469,98.0295566502463,0
"3300026284-bin.10","3300009517-bin.25",99.92,99.92,0.94,0.69,"'o__Actinomycetales'",3012830,74.2020592020592,1.62162162162162,"'o__Actinomycetales'",4139388,98.8648648648649,0.540540540540541
"3300026284-bin.10","3300026282-bin.26",99.91,99.91,0.94,0.69,"'o__Actinomycetales'",3012830,74.2020592020592,1.62162162162162,"'o__Actinomycetales'",4142505,98.9189189189189,0.540540540540541
"3300026284-bin.10","3300026283-bin.20",99.9,99.9,0.95,0.69,"'o__Actinomycetales'",3012830,74.2020592020592,1.62162162162162,"'o__Actinomycetales'",4155238,98.9189189189189,1.08108108108108
"3300026284-bin.10","3300026286-bin.27",99.92,99.92,0.94,0.69,"'o__Actinomycetales'",3012830,74.2020592020592,1.62162162162162,"'o__Actinomycetales'",4129518,98.9189189189189,0.594594594594595
"3300026284-bin.10","3300026289-bin.20",99.91,99.91,0.93,0.69,"'o__Actinomycetales'",3012830,74.2020592020592,1.62162162162162,"'o__Actinomycetales'",4073711,98.9189189189189,0.720720720720721
"3300026284-bin.10","3300026303-bin.41",99.9,99.9,0.93,0.7,"'o__Actinomycetales'",3012830,74.2020592020592,1.62162162162162,"'o__Actinomycetales'",4012819,97.8378378378378,0
"3300026284-bin.12","3300026303-bin.33",100,100,1,0.93,"'k__Bacteria'",3550957,75.8620689655172,0,"'f__Xanthomonadaceae'",3813763,98.8300492610838,0.804597701149425
"3300026284-bin.13","3300009517-bin.30",99.79,99.79,0.98,0.96,"'o__Flavobacteriales'",2726169,97.6307189542484,0.898692810457516,"'o__Flavobacteriales'",2783660,100,0.490196078431373
"3300026284-bin.13","3300026282-bin.17",99.8,99.8,0.98,0.97,"'o__Flavobacteriales'",2726169,97.6307189542484,0.898692810457516,"'o__Flavobacteriales'",2748949,99.2647058823529,0.245098039215686
"3300026284-bin.13","3300026283-bin.26",99.8,99.8,0.98,0.95,"'o__Flavobacteriales'",2726169,97.6307189542484,0.898692810457516,"'o__Flavobacteriales'",2829154,99.5098039215686,0.245098039215686
"3300026284-bin.13","3300026287-bin.36",99.8,99.8,0.98,0.97,"'o__Flavobacteriales'",2726169,97.6307189542484,0.898692810457516,"'o__Flavobacteriales'",2749722,100,0.245098039215686
"3300026284-bin.13","3300026288-bin.5",99.78,99.78,0.99,0.95,"'o__Flavobacteriales'",2726169,97.6307189542484,0.898692810457516,"'o__Flavobacteriales'",2810790,99.5098039215686,0.408496732026144
"3300026284-bin.13","3300026289-bin.45",99.82,99.82,0.89,0.95,"'o__Flavobacteriales'",2726169,97.6307189542484,0.898692810457516,"'o__Flavobacteriales'",2565715,98.5294117647059,0.245098039215686
"3300026284-bin.13","3300026299-bin.13",99.82,99.82,0.97,0.96,"'o__Flavobacteriales'",2726169,97.6307189542484,0.898692810457516,"'o__Flavobacteriales'",2741054,99.0196078431373,0.898692810457516
"3300026284-bin.13","3300026302-bin.9",99.79,99.79,0.98,0.97,"'o__Flavobacteriales'",2726169,97.6307189542484,0.898692810457516,"'o__Flavobacteriales'",2734589,100,0.245098039215686
"3300026284-bin.13","3300026303-bin.37",99.78,99.78,0.98,0.97,"'o__Flavobacteriales'",2726169,97.6307189542484,0.898692810457516,"'o__Flavobacteriales'",2757121,100,0.245098039215686
"3300026284-bin.14","3300026282-bin.19",99.91,99.91,0.92,0.92,"'o__Rhizobiales'",3988032,95.0310481867859,1.66211293260474,"'o__Rhizobiales'",3993307,94.894436164928,2.06284153005464
"3300026284-bin.14","3300026299-bin.25",99.99,99.99,0.97,0.93,"'o__Rhizobiales'",3988032,95.0310481867859,1.66211293260474,"'o__Rhizobiales'",4163543,99.0983606557377,1.33196721311475
"3300026284-bin.14","3300026303-bin.15",99.99,99.99,0.96,0.93,"'o__Rhizobiales'",3988032,95.0310481867859,1.66211293260474,"'o__Rhizobiales'",4114648,98.2786885245902,0.922131147540984
"3300026284-bin.15","3300026287-bin.1",99.63,99.63,0.95,0.95,"'f__Xanthomonadaceae'",2888150,99.0229885057471,0.344827586206897,"'f__Xanthomonadaceae'",2902371,99.0229885057471,0
"3300026284-bin.28","3300026288-bin.16",100,100,0.98,0.99,"'p__Bacteroidetes'",4196130,99.0147783251231,0.492610837438424,"'p__Bacteroidetes'",4117668,97.0443349753695,0
"3300026284-bin.28","3300026303-bin.42",100,100,0.99,1,"'p__Bacteroidetes'",4196130,99.0147783251231,0.492610837438424,"'p__Bacteroidetes'",4147469,98.0295566502463,0
"3300026284-bin.33","3300026282-bin.16",99.19,99.19,0.62,0.91,"'f__Xanthomonadaceae'",4098087,99.2266009852217,0.632183908045977,"'f__Xanthomonadaceae'",2801990,71.5825615954926,0.655172413793103
"3300026284-bin.33","3300026289-bin.39",99.23,99.23,0.83,0.91,"'f__Xanthomonadaceae'",4098087,99.2266009852217,0.632183908045977,"'f__Xanthomonadaceae'",3754779,93.3212917350848,2.17528735632184
"3300026284-bin.34","3300026282-bin.4",99.64,99.63,0.97,0.86,"'c__Betaproteobacteria'",3896500,96.031746031746,6.2962962962963,"'c__Betaproteobacteria'",4343859,100,0.504201680672269
"3300026284-bin.6","3300026288-bin.10",99.25,99.25,0.59,0.94,"'o__Actinomycetales'",3355964,98.9189189189189,0,"'o__Actinomycetales'",2097140,67.6705276705277,0.585585585585586
"3300026284-bin.7","3300009517-bin.26",99.81,99.8,0.88,0.85,"'o__Rhizobiales'",4873683,97.4358974358974,0.783699059561129,"'o__Rhizobiales'",5027931,88.2525520456555,2.56008359456635
"3300026284-bin.9","3300026286-bin.30",99.98,99.98,0.76,0.97,"'c__Betaproteobacteria'",4755952,99.8412698412698,0.238095238095238,"'c__Betaproteobacteria'",3709601,87.9074524546661,1.58730158730159
"3300026284-bin.9","3300026287-bin.6",99.95,99.96,0.59,0.95,"'c__Betaproteobacteria'",4755952,99.8412698412698,0.238095238095238,"'c__Betaproteobacteria'",2946063,68.4034808500753,0.714285714285714
"3300026284-bin.9","3300026303-bin.18",99.97,99.97,0.98,1,"'c__Betaproteobacteria'",4755952,99.8412698412698,0.238095238095238,"'c__Betaproteobacteria'",4673485,99.3650793650794,0.238095238095238
"3300026286-bin.1","3300026283-bin.4",99.42,99.42,0.97,0.92,"'f__Xanthomonadaceae'",2745507,99.0229885057471,0,"'f__Xanthomonadaceae'",2875643,98.9080459770115,0
"3300026286-bin.1","3300026284-bin.15",99.46,99.46,0.97,0.92,"'f__Xanthomonadaceae'",2745507,99.0229885057471,0,"'f__Xanthomonadaceae'",2888150,99.0229885057471,0.344827586206897
"3300026286-bin.1","3300026287-bin.1",99.44,99.44,0.97,0.92,"'f__Xanthomonadaceae'",2745507,99.0229885057471,0,"'f__Xanthomonadaceae'",2902371,99.0229885057471,0
"3300026286-bin.1","3300026288-bin.42",99.48,99.48,0.92,0.97,"'f__Xanthomonadaceae'",2745507,99.0229885057471,0,"'f__Xanthomonadaceae'",2566944,92.816091954023,0.344827586206897
"3300026286-bin.1","3300026299-bin.44",99.43,99.43,0.97,0.92,"'f__Xanthomonadaceae'",2745507,99.0229885057471,0,"'f__Xanthomonadaceae'",2861602,99.0229885057471,0
"3300026286-bin.1","3300026302-bin.47",99.42,99.42,0.97,0.89,"'f__Xanthomonadaceae'",2745507,99.0229885057471,0,"'f__Xanthomonadaceae'",2992856,99.0229885057471,0
"3300026286-bin.16","3300009517-bin.47",99.97,99.97,0.93,0.85,"'f__Rhodobacteraceae'",3948322,94.6515151515152,1.81818181818182,"'f__Rhodobacteraceae'",4341736,97.5151515151515,2.07575757575758
"3300026286-bin.18","3300026302-bin.31",99.98,99.98,0.97,0.93,"'o__Burkholderiales'",3242642,94.4650948739734,1.43302180685358,"'o__Burkholderiales'",3411196,99.2565845369584,0.962900028320589
"3300026286-bin.19","3300009517-bin.27",100,100,0.97,0.98,"'o__Burkholderiales'",3490759,99.9104361370716,0.934579439252336,"'o__Burkholderiales'",3484508,99.0654205607477,0.700934579439252
"3300026286-bin.21","3300009517-bin.13",100,100,0.98,1,"'o__Burkholderiales'",4501508,99.8442367601246,0.21417445482866,"'o__Burkholderiales'",4422216,99.8442367601246,0.058411214953271
"3300026286-bin.21","3300026302-bin.18",100,100,0.98,1,"'o__Burkholderiales'",4501508,99.8442367601246,0.21417445482866,"'o__Burkholderiales'",4424497,99.8442367601246,0.058411214953271
"3300026286-bin.22","3300009517-bin.37",100,100,0.98,0.96,"'k__Bacteria'",3548436,81.0344827586207,0,"'f__Xanthomonadaceae'",3615735,99.6059113300493,0.890804597701149
"3300026286-bin.22","3300026283-bin.13",99.99,99.99,0.98,0.95,"'k__Bacteria'",3548436,81.0344827586207,0,"'f__Xanthomonadaceae'",3628147,99.7610837438423,0.890804597701149
"3300026286-bin.22","3300026299-bin.24",99.98,99.98,0.96,0.93,"'k__Bacteria'",3548436,81.0344827586207,0,"'f__Xanthomonadaceae'",3652684,96.0798533363188,2.27011494252874
"3300026286-bin.22","3300026302-bin.46",100,100,0.98,0.95,"'k__Bacteria'",3548436,81.0344827586207,0,"'f__Xanthomonadaceae'",3641589,99.9507389162562,0.890804597701149
"3300026286-bin.22","3300026303-bin.22",99.97,99.97,0.93,0.94,"'k__Bacteria'",3548436,81.0344827586207,0,"'f__Xanthomonadaceae'",3519879,93.7659849728815,1.88192267502612
"3300026286-bin.24","3300026282-bin.15",100,100,1,0.99,"'o__Actinomycetales'",3056910,98.018018018018,0.540540540540541,"'o__Actinomycetales'",3093982,98.018018018018,0.540540540540541
"3300026286-bin.24","3300026283-bin.10",100,100,1,0.98,"'o__Actinomycetales'",3056910,98.018018018018,0.540540540540541,"'o__Actinomycetales'",3100170,98.018018018018,0.540540540540541
"3300026286-bin.24","3300026288-bin.39",99.99,99.99,0.99,0.99,"'o__Actinomycetales'",3056910,98.018018018018,0.540540540540541,"'o__Actinomycetales'",3067318,95.8558558558559,0.585585585585586
"3300026286-bin.24","3300026299-bin.22",100,100,0.99,0.99,"'o__Actinomycetales'",3056910,98.018018018018,0.540540540540541,"'o__Actinomycetales'",3083730,98.018018018018,0.540540540540541
"3300026286-bin.24","3300026303-bin.14",99.96,99.97,0.52,0.93,"'o__Actinomycetales'",3056910,98.018018018018,0.540540540540541,"'o__Actinomycetales'",1700865,48.3796653796654,0
"3300026286-bin.25","3300026282-bin.4",99.47,99.47,0.94,0.93,"'c__Betaproteobacteria'",4295075,100,0,"'c__Betaproteobacteria'",4343859,100,0.504201680672269
"3300026286-bin.25","3300026283-bin.2",99.98,99.98,0.91,0.98,"'c__Betaproteobacteria'",4295075,100,0,"'c__Betaproteobacteria'",3934843,99.3650793650794,0
"3300026286-bin.25","3300026284-bin.34",99.89,99.89,0.87,0.95,"'c__Betaproteobacteria'",4295075,100,0,"'c__Betaproteobacteria'",3896500,96.031746031746,6.2962962962963
"3300026286-bin.25","3300026287-bin.11",99.52,99.53,0.74,0.94,"'c__Betaproteobacteria'",4295075,100,0,"'c__Betaproteobacteria'",3412878,70.9523809523809,0.0280112044817927
"3300026286-bin.25","3300026288-bin.41",99.62,99.62,0.92,0.95,"'c__Betaproteobacteria'",4295075,100,0,"'c__Betaproteobacteria'",4173611,100,0.742296918767507
"3300026286-bin.25","3300026289-bin.9",99.57,99.58,0.94,0.94,"'c__Betaproteobacteria'",4295075,100,0,"'c__Betaproteobacteria'",4293485,99.2857142857143,0.0280112044817927
"3300026286-bin.25","3300026299-bin.9",99.59,99.59,0.95,0.92,"'c__Betaproteobacteria'",4295075,100,0,"'c__Betaproteobacteria'",4437306,100,2.17086834733894
"3300026286-bin.33","3300026302-bin.42",99.83,99.83,0.95,0.64,"'o__Rhizobiales'",2387271,68.3210390172415,1.1952288218111,"'o__Rhizobiales'",3520126,98.2758620689655,0
"3300026286-bin.36","3300009517-bin.36",99.97,99.97,0.93,0.91,"'k__Bacteria'",4712587,92.3076923076923,0.56980056980057,"'k__Bacteria'",4795255,91.1680911680912,0.427350427350427
"3300026286-bin.36","3300026288-bin.17",100,100,0.99,0.92,"'k__Bacteria'",4712587,92.3076923076923,0.56980056980057,"'k__Bacteria'",5081691,97.4358974358974,0.56980056980057
"3300026286-bin.36","3300026302-bin.62",100,100,1,0.91,"'k__Bacteria'",4712587,92.3076923076923,0.56980056980057,"'k__Bacteria'",5174124,97.4358974358974,0.56980056980057
"3300026286-bin.39","3300026288-bin.15",99.98,99.98,0.94,0.8,"'p__Bacteroidetes'",3115940,84.3646864686469,2.07920792079208,"'p__Bacteroidetes'",3667562,96.5346534653465,0.495049504950495
"3300026286-bin.6","3300026282-bin.34",99.68,99.68,0.94,0.56,"'o__Actinomycetales'",2367902,68.5206869633099,0.728597449908925,"'o__Actinomycetales'",4012101,97.1766848816029,0.819672131147541
"3300026286-bin.8","3300009517-bin.7",99.99,99.99,0.96,0.91,"'o__Actinomycetales'",2771864,92.9335016835017,0.298438934802571,"'o__Actinomycetales'",2934589,97.8114478114478,0
"3300026286-bin.9","3300026283-bin.18",99.85,99.85,0.95,0.69,"'k__Bacteria'",2307092,79.4726930320151,0.484506077726417,"'k__Bacteria'",3170547,98.3606557377049,1.36612021857923
"3300026287-bin.10","3300009517-bin.4",99.86,99.86,0.98,0.98,"'o__Burkholderiales'",3389433,98.481308411215,0.58411214953271,"'o__Burkholderiales'",3391324,99.2990654205608,0.992990654205608
"3300026287-bin.10","3300026286-bin.18",99.89,99.89,0.93,0.97,"'o__Burkholderiales'",3389433,98.481308411215,0.58411214953271,"'o__Burkholderiales'",3242642,94.4650948739734,1.43302180685358
"3300026287-bin.10","3300026288-bin.45",100,100,0.98,0.99,"'o__Burkholderiales'",3389433,98.481308411215,0.58411214953271,"'o__Burkholderiales'",3349126,99.7663551401869,0.467289719626168
"3300026287-bin.10","3300026302-bin.31",99.87,99.87,0.99,0.98,"'o__Burkholderiales'",3389433,98.481308411215,0.58411214953271,"'o__Burkholderiales'",3411196,99.2565845369584,0.962900028320589
"3300026287-bin.11","3300026282-bin.4",99.56,99.55,0.94,0.74,"'c__Betaproteobacteria'",3412878,70.9523809523809,0.0280112044817927,"'c__Betaproteobacteria'",4343859,100,0.504201680672269
"3300026287-bin.11","3300026283-bin.2",99.68,99.67,0.89,0.77,"'c__Betaproteobacteria'",3412878,70.9523809523809,0.0280112044817927,"'c__Betaproteobacteria'",3934843,99.3650793650794,0
"3300026287-bin.11","3300026284-bin.34",99.79,99.79,0.86,0.75,"'c__Betaproteobacteria'",3412878,70.9523809523809,0.0280112044817927,"'c__Betaproteobacteria'",3896500,96.031746031746,6.2962962962963
"3300026287-bin.11","3300026288-bin.41",99.61,99.62,0.94,0.76,"'c__Betaproteobacteria'",3412878,70.9523809523809,0.0280112044817927,"'c__Betaproteobacteria'",4173611,100,0.742296918767507
"3300026287-bin.11","3300026289-bin.9",99.99,99.99,1,0.79,"'c__Betaproteobacteria'",3412878,70.9523809523809,0.0280112044817927,"'c__Betaproteobacteria'",4293485,99.2857142857143,0.0280112044817927
"3300026287-bin.11","3300026299-bin.9",99.98,99.98,0.98,0.75,"'c__Betaproteobacteria'",3412878,70.9523809523809,0.0280112044817927,"'c__Betaproteobacteria'",4437306,100,2.17086834733894
"3300026287-bin.12","3300026289-bin.38",99.99,99.99,0.93,0.9,"'f__Rhodobacteraceae'",4191115,92.8220668220668,1.06060606060606,"'f__Rhodobacteraceae'",4319231,97.468253968254,0.833333333333333
"3300026287-bin.13","3300026282-bin.21",99.99,99.99,0.93,0.97,"'p__Bacteroidetes'",4189527,99.5073891625616,0,"'p__Bacteroidetes'",3977724,96.4969896004379,1.47783251231527
"3300026287-bin.13","3300026283-bin.9",99.99,99.99,0.79,0.96,"'p__Bacteroidetes'",4189527,99.5073891625616,0,"'p__Bacteroidetes'",3428687,83.9737274220033,0
"3300026287-bin.13","3300026284-bin.28",100,100,1,0.99,"'p__Bacteroidetes'",4189527,99.5073891625616,0,"'p__Bacteroidetes'",4196130,99.0147783251231,0.492610837438424
"3300026287-bin.13","3300026288-bin.16",100,100,0.98,0.99,"'p__Bacteroidetes'",4189527,99.5073891625616,0,"'p__Bacteroidetes'",4117668,97.0443349753695,0
"3300026287-bin.13","3300026299-bin.50",100,100,0.98,1,"'p__Bacteroidetes'",4189527,99.5073891625616,0,"'p__Bacteroidetes'",4096449,95.5665024630542,0
"3300026287-bin.13","3300026303-bin.42",100,100,0.99,1,"'p__Bacteroidetes'",4189527,99.5073891625616,0,"'p__Bacteroidetes'",4147469,98.0295566502463,0
"3300026287-bin.14","3300026288-bin.34",99.93,99.93,0.92,0.89,"'o__Burkholderiales'",5369084,92.3356900109236,1.19742990654206,"'o__Burkholderiales'",5528788,98.9485981308411,0.233644859813084
"3300026287-bin.16","3300026282-bin.34",99.77,99.76,0.94,0.65,"'o__Actinomycetales'",2763225,68.7874056726516,0.728597449908925,"'o__Actinomycetales'",4012101,97.1766848816029,0.819672131147541
"3300026287-bin.17","3300026299-bin.4",100,100,0.99,1,"'o__Rhizobiales'",3938694,99.6835443037975,0.0287686996547756,"'o__Rhizobiales'",3928868,99.6835443037975,0.0287686996547756
"3300026287-bin.17","3300026303-bin.28",100,100,0.98,0.99,"'o__Rhizobiales'",3938694,99.6835443037975,0.0287686996547756,"'o__Rhizobiales'",3907283,99.6835443037975,0.215765247410817
"3300026287-bin.18","3300026289-bin.22",99.98,99.98,0.97,0.97,"'f__Rhodobacteraceae'",4840074,98.9393939393939,1.73520923520924,"'f__Rhodobacteraceae'",4842440,99.6969696969697,0.681818181818182
"3300026287-bin.18","3300026299-bin.49",99.98,99.98,0.98,0.95,"'f__Rhodobacteraceae'",4840074,98.9393939393939,1.73520923520924,"'f__Rhodobacteraceae'",4966873,99.6969696969697,0.606060606060606
"3300026287-bin.22","3300026282-bin.3",100,100,0.97,0.96,"'f__Rhodobacteraceae'",3885667,98.6262626262626,0.818181818181818,"'f__Rhodobacteraceae'",3890882,99.5353535353536,0.757575757575758
"3300026287-bin.22","3300026283-bin.11",99.96,99.96,0.91,0.9,"'f__Rhodobacteraceae'",3885667,98.6262626262626,0.818181818181818,"'f__Rhodobacteraceae'",3945089,92.1994949494949,1.82828282828283
"3300026287-bin.22","3300026288-bin.19",100,100,0.98,0.96,"'f__Rhodobacteraceae'",3885667,98.6262626262626,0.818181818181818,"'f__Rhodobacteraceae'",3981499,99.5353535353536,0.757575757575758
"3300026287-bin.22","3300026289-bin.44",99.86,99.88,0.7,0.88,"'f__Rhodobacteraceae'",3885667,98.6262626262626,0.818181818181818,"'f__Rhodobacteraceae'",3110174,72.8765401265401,1.77777777777778
"3300026287-bin.22","3300026303-bin.29",99.96,99.96,0.96,0.92,"'f__Rhodobacteraceae'",3885667,98.6262626262626,0.818181818181818,"'f__Rhodobacteraceae'",4082262,97.7929292929293,1.07864357864358
"3300026287-bin.24","3300026282-bin.14",99.7,99.7,0.76,0.92,"'o__Rhizobiales'",4883806,95.1933124346917,4.96342737722048,"'o__Rhizobiales'",3980322,87.7742946708464,1.98275862068966
"3300026287-bin.24","3300026283-bin.21",99.93,99.93,0.95,0.91,"'o__Rhizobiales'",4883806,95.1933124346917,4.96342737722048,"'o__Rhizobiales'",5083925,99.5820271682341,1.88087774294671
"3300026287-bin.24","3300026303-bin.12",99.89,99.89,0.92,0.92,"'o__Rhizobiales'",4883806,95.1933124346917,4.96342737722048,"'o__Rhizobiales'",4867281,96.6562173458725,5.49634273772205
"3300026287-bin.29","3300026289-bin.27",99.98,99.99,0.6,0.96,"'c__Alphaproteobacteria'",3105221,100,0,"'c__Alphaproteobacteria'",1929111,68.7015095294316,0.497835497835498
"3300026287-bin.36","3300009517-bin.30",99.89,99.89,0.99,0.97,"'o__Flavobacteriales'",2749722,100,0.245098039215686,"'o__Flavobacteriales'",2783660,100,0.490196078431373
"3300026287-bin.36","3300026282-bin.17",99.92,99.92,0.99,0.99,"'o__Flavobacteriales'",2749722,100,0.245098039215686,"'o__Flavobacteriales'",2748949,99.2647058823529,0.245098039215686
"3300026287-bin.36","3300026283-bin.26",99.89,99.89,0.99,0.97,"'o__Flavobacteriales'",2749722,100,0.245098039215686,"'o__Flavobacteriales'",2829154,99.5098039215686,0.245098039215686
"3300026287-bin.36","3300026288-bin.5",99.9,99.9,0.99,0.97,"'o__Flavobacteriales'",2749722,100,0.245098039215686,"'o__Flavobacteriales'",2810790,99.5098039215686,0.408496732026144
"3300026287-bin.36","3300026302-bin.9",99.89,99.89,0.99,0.99,"'o__Flavobacteriales'",2749722,100,0.245098039215686,"'o__Flavobacteriales'",2734589,100,0.245098039215686
"3300026287-bin.36","3300026303-bin.37",99.93,99.93,0.99,0.99,"'o__Flavobacteriales'",2749722,100,0.245098039215686,"'o__Flavobacteriales'",2757121,100,0.245098039215686
"3300026287-bin.38","3300026299-bin.8",99.99,99.99,0.74,0.96,"'c__Alphaproteobacteria'",2662444,100,0.324675324675325,"'c__Alphaproteobacteria'",2040816,79.3878956541294,1.24458874458874
"3300026287-bin.39","3300026282-bin.15",100,100,1,1,"'o__Actinomycetales'",3089216,98.018018018018,0.540540540540541,"'o__Actinomycetales'",3093982,98.018018018018,0.540540540540541
"3300026287-bin.39","3300026283-bin.10",100,100,1,0.99,"'o__Actinomycetales'",3089216,98.018018018018,0.540540540540541,"'o__Actinomycetales'",3100170,98.018018018018,0.540540540540541
"3300026287-bin.39","3300026286-bin.24",100,100,0.99,1,"'o__Actinomycetales'",3089216,98.018018018018,0.540540540540541,"'o__Actinomycetales'",3056910,98.018018018018,0.540540540540541
"3300026287-bin.39","3300026288-bin.39",99.99,99.99,0.99,1,"'o__Actinomycetales'",3089216,98.018018018018,0.540540540540541,"'o__Actinomycetales'",3067318,95.8558558558559,0.585585585585586
"3300026287-bin.39","3300026299-bin.22",100,100,0.99,1,"'o__Actinomycetales'",3089216,98.018018018018,0.540540540540541,"'o__Actinomycetales'",3083730,98.018018018018,0.540540540540541
"3300026287-bin.39","3300026302-bin.26",100,100,1,0.98,"'o__Actinomycetales'",3089216,98.018018018018,0.540540540540541,"'o__Actinomycetales'",3142539,98.018018018018,0.617760617760618
"3300026287-bin.39","3300026303-bin.14",99.92,99.92,0.52,0.94,"'o__Actinomycetales'",3089216,98.018018018018,0.540540540540541,"'o__Actinomycetales'",1700865,48.3796653796654,0
"3300026287-bin.7","3300009517-bin.37",100,100,0.99,0.99,"'f__Xanthomonadaceae'",3608178,99.9507389162562,0.890804597701149,"'f__Xanthomonadaceae'",3615735,99.6059113300493,0.890804597701149
"3300026287-bin.7","3300026283-bin.13",100,100,0.99,0.99,"'f__Xanthomonadaceae'",3608178,99.9507389162562,0.890804597701149,"'f__Xanthomonadaceae'",3628147,99.7610837438423,0.890804597701149
"3300026287-bin.7","3300026286-bin.22",100,100,0.96,0.98,"'f__Xanthomonadaceae'",3608178,99.9507389162562,0.890804597701149,"'k__Bacteria'",3548436,81.0344827586207,0
"3300026287-bin.7","3300026288-bin.14",99.99,99.99,0.94,0.97,"'f__Xanthomonadaceae'",3608178,99.9507389162562,0.890804597701149,"'k__Bacteria'",3514763,83.0721003134796,0
"3300026287-bin.7","3300026299-bin.24",99.97,99.97,0.96,0.95,"'f__Xanthomonadaceae'",3608178,99.9507389162562,0.890804597701149,"'f__Xanthomonadaceae'",3652684,96.0798533363188,2.27011494252874
"3300026287-bin.7","3300026302-bin.46",100,100,1,0.98,"'f__Xanthomonadaceae'",3608178,99.9507389162562,0.890804597701149,"'f__Xanthomonadaceae'",3641589,99.9507389162562,0.890804597701149
"3300026287-bin.7","3300026303-bin.22",99.99,99.99,0.93,0.95,"'f__Xanthomonadaceae'",3608178,99.9507389162562,0.890804597701149,"'f__Xanthomonadaceae'",3519879,93.7659849728815,1.88192267502612
"3300026287-bin.8","3300026282-bin.19",99.96,99.96,0.9,0.97,"'o__Rhizobiales'",4322347,99.0983606557377,1.22950819672131,"'o__Rhizobiales'",3993307,94.894436164928,2.06284153005464
"3300026287-bin.8","3300026284-bin.14",99.95,99.95,0.89,0.96,"'o__Rhizobiales'",4322347,99.0983606557377,1.22950819672131,"'o__Rhizobiales'",3988032,95.0310481867859,1.66211293260474
"3300026287-bin.8","3300026299-bin.25",99.79,99.79,0.95,0.99,"'o__Rhizobiales'",4322347,99.0983606557377,1.22950819672131,"'o__Rhizobiales'",4163543,99.0983606557377,1.33196721311475
"3300026287-bin.8","3300026303-bin.15",99.8,99.8,0.94,0.99,"'o__Rhizobiales'",4322347,99.0983606557377,1.22950819672131,"'o__Rhizobiales'",4114648,98.2786885245902,0.922131147540984
"3300026288-bin.13","3300009517-bin.28",99.82,99.82,0.66,0.91,"'c__Betaproteobacteria'",4740729,99.8412698412698,0.238095238095238,"'c__Betaproteobacteria'",3391220,77.271372876636,1.66666666666667
"3300026288-bin.13","3300026284-bin.9",99.97,99.97,1,0.99,"'c__Betaproteobacteria'",4740729,99.8412698412698,0.238095238095238,"'c__Betaproteobacteria'",4755952,99.8412698412698,0.238095238095238
"3300026288-bin.13","3300026286-bin.30",100,100,0.76,0.97,"'c__Betaproteobacteria'",4740729,99.8412698412698,0.238095238095238,"'c__Betaproteobacteria'",3709601,87.9074524546661,1.58730158730159
"3300026288-bin.13","3300026287-bin.6",99.98,99.98,0.59,0.95,"'c__Betaproteobacteria'",4740729,99.8412698412698,0.238095238095238,"'c__Betaproteobacteria'",2946063,68.4034808500753,0.714285714285714
"3300026288-bin.13","3300026303-bin.18",100,100,0.98,1,"'c__Betaproteobacteria'",4740729,99.8412698412698,0.238095238095238,"'c__Betaproteobacteria'",4673485,99.3650793650794,0.238095238095238
"3300026288-bin.14","3300026283-bin.13",99.99,99.99,0.97,0.93,"'k__Bacteria'",3514763,83.0721003134796,0,"'f__Xanthomonadaceae'",3628147,99.7610837438423,0.890804597701149
"3300026288-bin.14","3300026302-bin.46",99.99,99.99,0.97,0.93,"'k__Bacteria'",3514763,83.0721003134796,0,"'f__Xanthomonadaceae'",3641589,99.9507389162562,0.890804597701149
"3300026288-bin.14","3300026303-bin.22",99.99,99.99,0.92,0.92,"'k__Bacteria'",3514763,83.0721003134796,0,"'f__Xanthomonadaceae'",3519879,93.7659849728815,1.88192267502612
"3300026288-bin.18","3300026282-bin.6",99.98,99.98,1,1,"'o__Rhizobiales'",3929675,99.6835443037975,0.0287686996547756,"'o__Rhizobiales'",3937124,99.6835443037975,0.0287686996547756
"3300026288-bin.18","3300026287-bin.17",100,100,1,1,"'o__Rhizobiales'",3929675,99.6835443037975,0.0287686996547756,"'o__Rhizobiales'",3938694,99.6835443037975,0.0287686996547756
"3300026288-bin.18","3300026299-bin.4",100,100,1,0.99,"'o__Rhizobiales'",3929675,99.6835443037975,0.0287686996547756,"'o__Rhizobiales'",3928868,99.6835443037975,0.0287686996547756
"3300026288-bin.18","3300026303-bin.28",100,100,0.98,0.99,"'o__Rhizobiales'",3929675,99.6835443037975,0.0287686996547756,"'o__Rhizobiales'",3907283,99.6835443037975,0.215765247410817
"3300026288-bin.19","3300026282-bin.3",100,100,0.98,1,"'f__Rhodobacteraceae'",3981499,99.5353535353536,0.757575757575758,"'f__Rhodobacteraceae'",3890882,99.5353535353536,0.757575757575758
"3300026288-bin.19","3300026283-bin.11",99.96,99.96,0.91,0.92,"'f__Rhodobacteraceae'",3981499,99.5353535353536,0.757575757575758,"'f__Rhodobacteraceae'",3945089,92.1994949494949,1.82828282828283
"3300026288-bin.26","3300026282-bin.11",99.1,99.1,0.55,0.93,"'f__Comamonadaceae'",3811961,97.5585247949595,3.39009287925697,"'f__Comamonadaceae'",2222644,63.8880110188663,1.23839009287926
"3300026288-bin.26","3300026284-bin.18",99.05,99.05,0.86,0.93,"'f__Comamonadaceae'",3811961,97.5585247949595,3.39009287925697,"'f__Comamonadaceae'",3458563,94.3319211341046,2.43550051599587
"3300026288-bin.3","3300026283-bin.18",99.94,99.94,0.97,0.96,"'k__Bacteria'",3157517,98.3050847457627,2.82485875706215,"'k__Bacteria'",3170547,98.3606557377049,1.36612021857923
"3300026288-bin.3","3300026286-bin.9",99.85,99.85,0.7,0.94,"'k__Bacteria'",3157517,98.3050847457627,2.82485875706215,"'k__Bacteria'",2307092,79.4726930320151,0.484506077726417
"3300026288-bin.31","3300026289-bin.41",99.99,99.99,0.97,0.94,"'c__Alphaproteobacteria'",2520407,96.2792348344296,0.419126328217237,"'c__Alphaproteobacteria'",2604307,97.7272727272727,0
"3300026288-bin.31","3300026299-bin.18",99.98,99.98,0.95,0.94,"'c__Alphaproteobacteria'",2520407,96.2792348344296,0.419126328217237,"'c__Alphaproteobacteria'",2540815,98.536852757632,0.595238095238095
"3300026288-bin.33","3300026289-bin.28",99.99,99.99,0.96,0.61,"'k__Bacteria'",2267571,65.3413163897035,0.537634408602151,"'k__Bacteria'",3594400,100,1.61290322580645
"3300026288-bin.36","3300026289-bin.13",100,100,0.96,1,"'c__Alphaproteobacteria'",2602594,99.9458874458875,0.243506493506494,"'c__Alphaproteobacteria'",2493674,95.7251082251082,0.011595547309833
"3300026288-bin.36","3300026299-bin.41",100,100,0.97,0.99,"'c__Alphaproteobacteria'",2602594,99.9458874458875,0.243506493506494,"'c__Alphaproteobacteria'",2543239,99.8699893180412,1.53925619834711
"3300026288-bin.39","3300026282-bin.15",99.99,99.99,1,0.99,"'o__Actinomycetales'",3067318,95.8558558558559,0.585585585585586,"'o__Actinomycetales'",3093982,98.018018018018,0.540540540540541
"3300026288-bin.39","3300026299-bin.22",99.99,99.99,0.99,0.99,"'o__Actinomycetales'",3067318,95.8558558558559,0.585585585585586,"'o__Actinomycetales'",3083730,98.018018018018,0.540540540540541
"3300026288-bin.39","3300026303-bin.14",99.92,99.92,0.52,0.94,"'o__Actinomycetales'",3067318,95.8558558558559,0.585585585585586,"'o__Actinomycetales'",1700865,48.3796653796654,0
"3300026288-bin.41","3300026282-bin.4",99.97,99.97,0.97,0.93,"'c__Betaproteobacteria'",4173611,100,0.742296918767507,"'c__Betaproteobacteria'",4343859,100,0.504201680672269
"3300026288-bin.41","3300026284-bin.34",99.68,99.68,0.88,0.94,"'c__Betaproteobacteria'",4173611,100,0.742296918767507,"'c__Betaproteobacteria'",3896500,96.031746031746,6.2962962962963
"3300026288-bin.41","3300026289-bin.9",99.6,99.59,0.95,0.92,"'c__Betaproteobacteria'",4173611,100,0.742296918767507,"'c__Betaproteobacteria'",4293485,99.2857142857143,0.0280112044817927
"3300026288-bin.41","3300026299-bin.9",99.61,99.61,0.95,0.9,"'c__Betaproteobacteria'",4173611,100,0.742296918767507,"'c__Betaproteobacteria'",4437306,100,2.17086834733894
"3300026288-bin.42","3300026284-bin.15",99.76,99.76,0.99,0.88,"'f__Xanthomonadaceae'",2566944,92.816091954023,0.344827586206897,"'f__Xanthomonadaceae'",2888150,99.0229885057471,0.344827586206897
"3300026288-bin.42","3300026287-bin.1",100,100,0.99,0.88,"'f__Xanthomonadaceae'",2566944,92.816091954023,0.344827586206897,"'f__Xanthomonadaceae'",2902371,99.0229885057471,0
"3300026288-bin.42","3300026299-bin.44",100,100,0.98,0.89,"'f__Xanthomonadaceae'",2566944,92.816091954023,0.344827586206897,"'f__Xanthomonadaceae'",2861602,99.0229885057471,0
"3300026288-bin.42","3300026302-bin.47",100,100,0.99,0.86,"'f__Xanthomonadaceae'",2566944,92.816091954023,0.344827586206897,"'f__Xanthomonadaceae'",2992856,99.0229885057471,0
"3300026288-bin.43","3300009517-bin.25",99.99,99.99,0.98,0.99,"'o__Actinomycetales'",4195066,99.4535519125683,1.91256830601093,"'o__Actinomycetales'",4139388,98.8648648648649,0.540540540540541
"3300026288-bin.43","3300026282-bin.26",99.99,99.99,0.99,1,"'o__Actinomycetales'",4195066,99.4535519125683,1.91256830601093,"'o__Actinomycetales'",4142505,98.9189189189189,0.540540540540541
"3300026288-bin.43","3300026283-bin.20",99.98,99.98,0.97,0.98,"'o__Actinomycetales'",4195066,99.4535519125683,1.91256830601093,"'o__Actinomycetales'",4155238,98.9189189189189,1.08108108108108
"3300026288-bin.43","3300026284-bin.10",99.9,99.9,0.69,0.95,"'o__Actinomycetales'",4195066,99.4535519125683,1.91256830601093,"'o__Actinomycetales'",3012830,74.2020592020592,1.62162162162162
"3300026288-bin.43","3300026286-bin.27",99.98,99.98,0.98,0.99,"'o__Actinomycetales'",4195066,99.4535519125683,1.91256830601093,"'o__Actinomycetales'",4129518,98.9189189189189,0.594594594594595
"3300026288-bin.43","3300026289-bin.20",99.99,99.99,0.96,0.99,"'o__Actinomycetales'",4195066,99.4535519125683,1.91256830601093,"'o__Actinomycetales'",4073711,98.9189189189189,0.720720720720721
"3300026288-bin.43","3300026303-bin.41",99.99,99.99,0.96,1,"'o__Actinomycetales'",4195066,99.4535519125683,1.91256830601093,"'o__Actinomycetales'",4012819,97.8378378378378,0
"3300026288-bin.45","3300026286-bin.18",99.9,99.9,0.94,0.97,"'o__Burkholderiales'",3349126,99.7663551401869,0.467289719626168,"'o__Burkholderiales'",3242642,94.4650948739734,1.43302180685358
"3300026288-bin.45","3300026302-bin.31",99.88,99.88,0.99,0.98,"'o__Burkholderiales'",3349126,99.7663551401869,0.467289719626168,"'o__Burkholderiales'",3411196,99.2565845369584,0.962900028320589
"3300026288-bin.46","3300009517-bin.1",100,100,0.97,0.95,"'o__Cytophagales'",4741348,95.734126984127,0.892857142857143,"'o__Cytophagales'",4850289,99.1071428571429,0.595238095238095
"3300026288-bin.7","3300026302-bin.24",99.99,99.99,0.96,0.7,"'k__Bacteria'",3029758,70.248010834603,0.577281191806332,"'k__Bacteria'",4159980,98.8826815642458,0.558659217877095
"3300026288-bin.9","3300026302-bin.61",100,100,0.98,0.97,"'f__Rhodobacteraceae'",4735118,98.7878787878788,1.71717171717172,"'f__Rhodobacteraceae'",4773805,99.0909090909091,1.18686868686869
"3300026289-bin.12","3300026284-bin.18",99.01,99.01,0.84,0.87,"'f__Comamonadaceae'",3611630,94.5603172016729,1.03199174406605,"'f__Comamonadaceae'",3458563,94.3319211341046,2.43550051599587
"3300026289-bin.13","3300026299-bin.41",100,100,0.97,0.96,"'c__Alphaproteobacteria'",2493674,95.7251082251082,0.011595547309833,"'c__Alphaproteobacteria'",2543239,99.8699893180412,1.53925619834711
"3300026289-bin.16","3300026282-bin.15",99.97,99.97,0.96,0.51,"'k__Bacteria'",1663910,46.7241379310345,0,"'o__Actinomycetales'",3093982,98.018018018018,0.540540540540541
"3300026289-bin.16","3300026283-bin.10",99.97,99.97,0.95,0.51,"'k__Bacteria'",1663910,46.7241379310345,0,"'o__Actinomycetales'",3100170,98.018018018018,0.540540540540541
"3300026289-bin.16","3300026286-bin.24",99.97,99.96,0.95,0.51,"'k__Bacteria'",1663910,46.7241379310345,0,"'o__Actinomycetales'",3056910,98.018018018018,0.540540540540541
"3300026289-bin.16","3300026287-bin.39",99.97,99.97,0.96,0.51,"'k__Bacteria'",1663910,46.7241379310345,0,"'o__Actinomycetales'",3089216,98.018018018018,0.540540540540541
"3300026289-bin.16","3300026288-bin.39",99.95,99.94,0.95,0.52,"'k__Bacteria'",1663910,46.7241379310345,0,"'o__Actinomycetales'",3067318,95.8558558558559,0.585585585585586
"3300026289-bin.16","3300026299-bin.22",99.97,99.97,0.95,0.51,"'k__Bacteria'",1663910,46.7241379310345,0,"'o__Actinomycetales'",3083730,98.018018018018,0.540540540540541
"3300026289-bin.16","3300026302-bin.26",99.97,99.97,0.97,0.51,"'k__Bacteria'",1663910,46.7241379310345,0,"'o__Actinomycetales'",3142539,98.018018018018,0.617760617760618
"3300026289-bin.20","3300009517-bin.25",100,100,0.98,0.96,"'o__Actinomycetales'",4073711,98.9189189189189,0.720720720720721,"'o__Actinomycetales'",4139388,98.8648648648649,0.540540540540541
"3300026289-bin.20","3300026282-bin.26",100,100,0.98,0.96,"'o__Actinomycetales'",4073711,98.9189189189189,0.720720720720721,"'o__Actinomycetales'",4142505,98.9189189189189,0.540540540540541
"3300026289-bin.20","3300026283-bin.20",99.99,99.99,0.98,0.96,"'o__Actinomycetales'",4073711,98.9189189189189,0.720720720720721,"'o__Actinomycetales'",4155238,98.9189189189189,1.08108108108108
"3300026289-bin.20","3300026286-bin.27",100,100,0.98,0.97,"'o__Actinomycetales'",4073711,98.9189189189189,0.720720720720721,"'o__Actinomycetales'",4129518,98.9189189189189,0.594594594594595
"3300026289-bin.22","3300026299-bin.49",100,100,0.99,0.97,"'f__Rhodobacteraceae'",4842440,99.6969696969697,0.681818181818182,"'f__Rhodobacteraceae'",4966873,99.6969696969697,0.606060606060606
"3300026289-bin.23","3300026282-bin.19",99.96,99.96,0.9,0.97,"'o__Rhizobiales'",4334506,99.0983606557377,0.922131147540984,"'o__Rhizobiales'",3993307,94.894436164928,2.06284153005464
"3300026289-bin.23","3300026284-bin.14",99.95,99.95,0.89,0.96,"'o__Rhizobiales'",4334506,99.0983606557377,0.922131147540984,"'o__Rhizobiales'",3988032,95.0310481867859,1.66211293260474
"3300026289-bin.23","3300026287-bin.8",100,100,0.99,0.99,"'o__Rhizobiales'",4334506,99.0983606557377,0.922131147540984,"'o__Rhizobiales'",4322347,99.0983606557377,1.22950819672131
"3300026289-bin.23","3300026299-bin.25",99.88,99.89,0.95,0.99,"'o__Rhizobiales'",4334506,99.0983606557377,0.922131147540984,"'o__Rhizobiales'",4163543,99.0983606557377,1.33196721311475
"3300026289-bin.23","3300026303-bin.15",99.89,99.89,0.94,0.99,"'o__Rhizobiales'",4334506,99.0983606557377,0.922131147540984,"'o__Rhizobiales'",4114648,98.2786885245902,0.922131147540984
"3300026289-bin.24","3300009517-bin.26",99.8,99.79,0.88,0.88,"'o__Rhizobiales'",5028743,99.2685475444096,0.783699059561129,"'o__Rhizobiales'",5027931,88.2525520456555,2.56008359456635
"3300026289-bin.24","3300026284-bin.7",99.97,99.97,0.94,0.97,"'o__Rhizobiales'",5028743,99.2685475444096,0.783699059561129,"'o__Rhizobiales'",4873683,97.4358974358974,0.783699059561129
"3300026289-bin.26","3300026282-bin.6",99.99,99.99,1,0.99,"'o__Rhizobiales'",3918535,99.6835443037975,0.0287686996547756,"'o__Rhizobiales'",3937124,99.6835443037975,0.0287686996547756
"3300026289-bin.26","3300026287-bin.17",100,100,1,0.99,"'o__Rhizobiales'",3918535,99.6835443037975,0.0287686996547756,"'o__Rhizobiales'",3938694,99.6835443037975,0.0287686996547756
"3300026289-bin.26","3300026288-bin.18",100,100,1,0.99,"'o__Rhizobiales'",3918535,99.6835443037975,0.0287686996547756,"'o__Rhizobiales'",3929675,99.6835443037975,0.0287686996547756
"3300026289-bin.26","3300026299-bin.4",100,100,0.99,0.99,"'o__Rhizobiales'",3918535,99.6835443037975,0.0287686996547756,"'o__Rhizobiales'",3928868,99.6835443037975,0.0287686996547756
"3300026289-bin.26","3300026303-bin.28",100,100,0.98,0.99,"'o__Rhizobiales'",3918535,99.6835443037975,0.0287686996547756,"'o__Rhizobiales'",3907283,99.6835443037975,0.215765247410817
"3300026289-bin.39","3300026282-bin.16",99.91,99.91,0.64,0.86,"'f__Xanthomonadaceae'",3754779,93.3212917350848,2.17528735632184,"'f__Xanthomonadaceae'",2801990,71.5825615954926,0.655172413793103
"3300026289-bin.4","3300026287-bin.4",99.92,99.92,0.94,0.61,"'o__Rhizobiales'",3719613,64.2362146050671,0.423497267759563,"'o__Rhizobiales'",5717539,99.5081967213115,2.18579234972678
"3300026289-bin.41","3300026299-bin.18",99.99,99.99,0.96,0.98,"'c__Alphaproteobacteria'",2604307,97.7272727272727,0,"'c__Alphaproteobacteria'",2540815,98.536852757632,0.595238095238095
"3300026289-bin.44","3300026282-bin.3",99.91,99.89,0.87,0.7,"'f__Rhodobacteraceae'",3110174,72.8765401265401,1.77777777777778,"'f__Rhodobacteraceae'",3890882,99.5353535353536,0.757575757575758
"3300026289-bin.44","3300026283-bin.11",99.91,99.9,0.87,0.69,"'f__Rhodobacteraceae'",3110174,72.8765401265401,1.77777777777778,"'f__Rhodobacteraceae'",3945089,92.1994949494949,1.82828282828283
"3300026289-bin.44","3300026288-bin.19",99.88,99.86,0.89,0.69,"'f__Rhodobacteraceae'",3110174,72.8765401265401,1.77777777777778,"'f__Rhodobacteraceae'",3981499,99.5353535353536,0.757575757575758
"3300026289-bin.45","3300009517-bin.30",99.76,99.76,0.97,0.89,"'o__Flavobacteriales'",2565715,98.5294117647059,0.245098039215686,"'o__Flavobacteriales'",2783660,100,0.490196078431373
"3300026289-bin.45","3300026282-bin.17",99.76,99.76,0.96,0.9,"'o__Flavobacteriales'",2565715,98.5294117647059,0.245098039215686,"'o__Flavobacteriales'",2748949,99.2647058823529,0.245098039215686
"3300026289-bin.45","3300026283-bin.26",99.76,99.76,0.99,0.9,"'o__Flavobacteriales'",2565715,98.5294117647059,0.245098039215686,"'o__Flavobacteriales'",2829154,99.5098039215686,0.245098039215686
"3300026289-bin.45","3300026287-bin.36",99.79,99.79,0.97,0.9,"'o__Flavobacteriales'",2565715,98.5294117647059,0.245098039215686,"'o__Flavobacteriales'",2749722,100,0.245098039215686
"3300026289-bin.45","3300026288-bin.5",99.75,99.75,0.98,0.89,"'o__Flavobacteriales'",2565715,98.5294117647059,0.245098039215686,"'o__Flavobacteriales'",2810790,99.5098039215686,0.408496732026144
"3300026289-bin.45","3300026299-bin.13",99.78,99.78,0.95,0.89,"'o__Flavobacteriales'",2565715,98.5294117647059,0.245098039215686,"'o__Flavobacteriales'",2741054,99.0196078431373,0.898692810457516
"3300026289-bin.45","3300026302-bin.9",99.76,99.76,0.96,0.9,"'o__Flavobacteriales'",2565715,98.5294117647059,0.245098039215686,"'o__Flavobacteriales'",2734589,100,0.245098039215686
"3300026289-bin.45","3300026303-bin.37",99.75,99.75,0.96,0.9,"'o__Flavobacteriales'",2565715,98.5294117647059,0.245098039215686,"'o__Flavobacteriales'",2757121,100,0.245098039215686
"3300026289-bin.6","3300009517-bin.38",99.46,99.46,0.66,0.88,"'o__Actinomycetales'",4094279,99.2714025500911,0.546448087431694,"'o__Actinomycetales'",3027782,58.5675253708041,3.82513661202186
"3300026289-bin.6","3300026282-bin.34",99.95,99.95,0.96,0.97,"'o__Actinomycetales'",4094279,99.2714025500911,0.546448087431694,"'o__Actinomycetales'",4012101,97.1766848816029,0.819672131147541
"3300026289-bin.6","3300026283-bin.15",99.98,99.98,0.81,0.96,"'o__Actinomycetales'",4094279,99.2714025500911,0.546448087431694,"'o__Actinomycetales'",3441846,83.7613843351548,1.71740827478532
"3300026289-bin.6","3300026286-bin.6",99.69,99.69,0.56,0.95,"'o__Actinomycetales'",4094279,99.2714025500911,0.546448087431694,"'o__Actinomycetales'",2367902,68.5206869633099,0.728597449908925
"3300026289-bin.6","3300026287-bin.16",99.75,99.75,0.65,0.95,"'o__Actinomycetales'",4094279,99.2714025500911,0.546448087431694,"'o__Actinomycetales'",2763225,68.7874056726516,0.728597449908925
"3300026289-bin.6","3300026299-bin.10",99.99,99.99,0.98,0.98,"'o__Actinomycetales'",4094279,99.2714025500911,0.546448087431694,"'o__Actinomycetales'",4048060,99.4535519125683,0.624512099921936
"3300026289-bin.6","3300026303-bin.46",100,100,0.99,0.99,"'o__Actinomycetales'",4094279,99.2714025500911,0.546448087431694,"'o__Actinomycetales'",4070868,99.4535519125683,0.546448087431694
"3300026289-bin.9","3300026282-bin.4",99.51,99.51,0.93,0.92,"'c__Betaproteobacteria'",4293485,99.2857142857143,0.0280112044817927,"'c__Betaproteobacteria'",4343859,100,0.504201680672269
"3300026289-bin.9","3300026284-bin.34",99.83,99.82,0.87,0.95,"'c__Betaproteobacteria'",4293485,99.2857142857143,0.0280112044817927,"'c__Betaproteobacteria'",3896500,96.031746031746,6.2962962962963
"3300026289-bin.9","3300026299-bin.9",99.98,99.98,0.98,0.95,"'c__Betaproteobacteria'",4293485,99.2857142857143,0.0280112044817927,"'c__Betaproteobacteria'",4437306,100,2.17086834733894
"3300026299-bin.10","3300009517-bin.38",99.48,99.48,0.66,0.88,"'o__Actinomycetales'",4048060,99.4535519125683,0.624512099921936,"'o__Actinomycetales'",3027782,58.5675253708041,3.82513661202186
"3300026299-bin.10","3300026282-bin.34",99.95,99.95,0.96,0.97,"'o__Actinomycetales'",4048060,99.4535519125683,0.624512099921936,"'o__Actinomycetales'",4012101,97.1766848816029,0.819672131147541
"3300026299-bin.10","3300026283-bin.15",99.99,99.99,0.81,0.96,"'o__Actinomycetales'",4048060,99.4535519125683,0.624512099921936,"'o__Actinomycetales'",3441846,83.7613843351548,1.71740827478532
"3300026299-bin.10","3300026286-bin.6",99.69,99.69,0.56,0.95,"'o__Actinomycetales'",4048060,99.4535519125683,0.624512099921936,"'o__Actinomycetales'",2367902,68.5206869633099,0.728597449908925
"3300026299-bin.10","3300026287-bin.16",99.75,99.75,0.65,0.95,"'o__Actinomycetales'",4048060,99.4535519125683,0.624512099921936,"'o__Actinomycetales'",2763225,68.7874056726516,0.728597449908925
"3300026299-bin.12","3300026283-bin.29",99.99,99.99,0.98,0.99,"'f__Xanthomonadaceae'",3834866,99.6059113300493,0.977011494252873,"'k__Bacteria'",3767757,83.9655172413793,0
"3300026299-bin.12","3300026284-bin.12",100,100,0.93,1,"'f__Xanthomonadaceae'",3834866,99.6059113300493,0.977011494252873,"'k__Bacteria'",3550957,75.8620689655172,0
"3300026299-bin.12","3300026303-bin.33",100,100,0.99,1,"'f__Xanthomonadaceae'",3834866,99.6059113300493,0.977011494252873,"'f__Xanthomonadaceae'",3813763,98.8300492610838,0.804597701149425
"3300026299-bin.13","3300009517-bin.30",99.91,99.91,0.98,0.96,"'o__Flavobacteriales'",2741054,99.0196078431373,0.898692810457516,"'o__Flavobacteriales'",2783660,100,0.490196078431373
"3300026299-bin.13","3300026282-bin.17",99.92,99.92,0.98,0.98,"'o__Flavobacteriales'",2741054,99.0196078431373,0.898692810457516,"'o__Flavobacteriales'",2748949,99.2647058823529,0.245098039215686
"3300026299-bin.13","3300026283-bin.26",99.92,99.92,0.98,0.95,"'o__Flavobacteriales'",2741054,99.0196078431373,0.898692810457516,"'o__Flavobacteriales'",2829154,99.5098039215686,0.245098039215686
"3300026299-bin.13","3300026287-bin.36",99.91,99.91,0.98,0.98,"'o__Flavobacteriales'",2741054,99.0196078431373,0.898692810457516,"'o__Flavobacteriales'",2749722,100,0.245098039215686
"3300026299-bin.13","3300026288-bin.5",99.92,99.92,0.98,0.96,"'o__Flavobacteriales'",2741054,99.0196078431373,0.898692810457516,"'o__Flavobacteriales'",2810790,99.5098039215686,0.408496732026144
"3300026299-bin.13","3300026302-bin.9",99.91,99.91,0.97,0.98,"'o__Flavobacteriales'",2741054,99.0196078431373,0.898692810457516,"'o__Flavobacteriales'",2734589,100,0.245098039215686
"3300026299-bin.13","3300026303-bin.37",99.93,99.93,0.98,0.98,"'o__Flavobacteriales'",2741054,99.0196078431373,0.898692810457516,"'o__Flavobacteriales'",2757121,100,0.245098039215686
"3300026299-bin.15","3300009517-bin.19",99.94,99.94,0.99,0.98,"'f__Comamonadaceae'",3922012,99.9484004127967,0.939112487100103,"'f__Comamonadaceae'",3940028,99.6904024767802,1.04231166150671
"3300026299-bin.15","3300026282-bin.11",99.83,99.83,0.55,0.96,"'f__Comamonadaceae'",3922012,99.9484004127967,0.939112487100103,"'f__Comamonadaceae'",2222644,63.8880110188663,1.23839009287926
"3300026299-bin.15","3300026284-bin.18",99.01,99.01,0.84,0.94,"'f__Comamonadaceae'",3922012,99.9484004127967,0.939112487100103,"'f__Comamonadaceae'",3458563,94.3319211341046,2.43550051599587
"3300026299-bin.15","3300026302-bin.10",99.94,99.94,0.98,0.99,"'f__Comamonadaceae'",3922012,99.9484004127967,0.939112487100103,"'f__Comamonadaceae'",3876006,99.9484004127967,1.04231166150671
"3300026299-bin.22","3300026282-bin.15",100,100,1,0.99,"'o__Actinomycetales'",3083730,98.018018018018,0.540540540540541,"'o__Actinomycetales'",3093982,98.018018018018,0.540540540540541
"3300026299-bin.22","3300026303-bin.14",99.92,99.92,0.52,0.95,"'o__Actinomycetales'",3083730,98.018018018018,0.540540540540541,"'o__Actinomycetales'",1700865,48.3796653796654,0
"3300026299-bin.24","3300009517-bin.37",99.97,99.97,0.94,0.95,"'f__Xanthomonadaceae'",3652684,96.0798533363188,2.27011494252874,"'f__Xanthomonadaceae'",3615735,99.6059113300493,0.890804597701149
"3300026299-bin.24","3300026283-bin.13",99.97,99.97,0.95,0.95,"'f__Xanthomonadaceae'",3652684,96.0798533363188,2.27011494252874,"'f__Xanthomonadaceae'",3628147,99.7610837438423,0.890804597701149
"3300026299-bin.24","3300026288-bin.14",99.97,99.97,0.92,0.95,"'f__Xanthomonadaceae'",3652684,96.0798533363188,2.27011494252874,"'k__Bacteria'",3514763,83.0721003134796,0
"3300026299-bin.24","3300026302-bin.46",99.97,99.97,0.95,0.94,"'f__Xanthomonadaceae'",3652684,96.0798533363188,2.27011494252874,"'f__Xanthomonadaceae'",3641589,99.9507389162562,0.890804597701149
"3300026299-bin.24","3300026303-bin.22",99.98,99.98,0.91,0.94,"'f__Xanthomonadaceae'",3652684,96.0798533363188,2.27011494252874,"'f__Xanthomonadaceae'",3519879,93.7659849728815,1.88192267502612
"3300026299-bin.25","3300026282-bin.19",99.93,99.93,0.92,0.96,"'o__Rhizobiales'",4163543,99.0983606557377,1.33196721311475,"'o__Rhizobiales'",3993307,94.894436164928,2.06284153005464
"3300026299-bin.25","3300026303-bin.15",100,100,0.99,1,"'o__Rhizobiales'",4163543,99.0983606557377,1.33196721311475,"'o__Rhizobiales'",4114648,98.2786885245902,0.922131147540984
"3300026299-bin.26","3300026289-bin.21",99.96,99.96,0.89,0.97,"'f__Rhodobacteraceae'",3808849,99.3333333333333,0.151515151515152,"'f__Rhodobacteraceae'",3485322,91.205044955045,1.51515151515152
"3300026299-bin.3","3300026282-bin.14",99.73,99.73,0.75,0.92,"'o__Rhizobiales'",4877364,97.3092998955068,1.72413793103448,"'o__Rhizobiales'",3980322,87.7742946708464,1.98275862068966
"3300026299-bin.3","3300026283-bin.21",99.96,99.96,0.97,0.93,"'o__Rhizobiales'",4877364,97.3092998955068,1.72413793103448,"'o__Rhizobiales'",5083925,99.5820271682341,1.88087774294671
"3300026299-bin.3","3300026287-bin.24",99.89,99.89,0.91,0.91,"'o__Rhizobiales'",4877364,97.3092998955068,1.72413793103448,"'o__Rhizobiales'",4883806,95.1933124346917,4.96342737722048
"3300026299-bin.3","3300026303-bin.12",99.91,99.91,0.92,0.92,"'o__Rhizobiales'",4877364,97.3092998955068,1.72413793103448,"'o__Rhizobiales'",4867281,96.6562173458725,5.49634273772205
"3300026299-bin.37","3300026302-bin.25",99.55,99.55,0.91,0.57,"'o__Rhizobiales'",2645026,66.4682241106292,1.05485232067511,"'o__Rhizobiales'",4231623,94.9934102465748,0.395569620253165
"3300026299-bin.43","3300026282-bin.16",99.95,99.95,0.61,0.95,"'f__Xanthomonadaceae'",4357926,99.8817733990148,0.666666666666667,"'f__Xanthomonadaceae'",2801990,71.5825615954926,0.655172413793103
"3300026299-bin.43","3300026284-bin.33",99.14,99.14,0.89,0.95,"'f__Xanthomonadaceae'",4357926,99.8817733990148,0.666666666666667,"'f__Xanthomonadaceae'",4098087,99.2266009852217,0.632183908045977
"3300026299-bin.43","3300026289-bin.39",99.97,99.97,0.83,0.96,"'f__Xanthomonadaceae'",4357926,99.8817733990148,0.666666666666667,"'f__Xanthomonadaceae'",3754779,93.3212917350848,2.17528735632184
"3300026299-bin.43","3300026303-bin.32",100,100,1,0.98,"'f__Xanthomonadaceae'",4357926,99.8817733990148,0.666666666666667,"'f__Xanthomonadaceae'",4412650,99.8817733990148,0.666666666666667
"3300026299-bin.44","3300026284-bin.15",99.65,99.65,0.98,0.97,"'f__Xanthomonadaceae'",2861602,99.0229885057471,0,"'f__Xanthomonadaceae'",2888150,99.0229885057471,0.344827586206897
"3300026299-bin.44","3300026287-bin.1",99.99,99.99,0.97,0.96,"'f__Xanthomonadaceae'",2861602,99.0229885057471,0,"'f__Xanthomonadaceae'",2902371,99.0229885057471,0
"3300026299-bin.50","3300026282-bin.21",99.99,99.99,0.93,0.96,"'p__Bacteroidetes'",4096449,95.5665024630542,0,"'p__Bacteroidetes'",3977724,96.4969896004379,1.47783251231527
"3300026299-bin.50","3300026283-bin.9",99.99,99.99,0.79,0.94,"'p__Bacteroidetes'",4096449,95.5665024630542,0,"'p__Bacteroidetes'",3428687,83.9737274220033,0
"3300026299-bin.50","3300026284-bin.28",100,100,1,0.97,"'p__Bacteroidetes'",4096449,95.5665024630542,0,"'p__Bacteroidetes'",4196130,99.0147783251231,0.492610837438424
"3300026299-bin.50","3300026288-bin.16",100,100,0.99,0.99,"'p__Bacteroidetes'",4096449,95.5665024630542,0,"'p__Bacteroidetes'",4117668,97.0443349753695,0
"3300026299-bin.50","3300026303-bin.42",100,100,1,0.99,"'p__Bacteroidetes'",4096449,95.5665024630542,0,"'p__Bacteroidetes'",4147469,98.0295566502463,0
"3300026299-bin.9","3300026282-bin.4",99.54,99.54,0.93,0.92,"'c__Betaproteobacteria'",4437306,100,2.17086834733894,"'c__Betaproteobacteria'",4343859,100,0.504201680672269
"3300026299-bin.9","3300026284-bin.34",99.82,99.81,0.86,0.95,"'c__Betaproteobacteria'",4437306,100,2.17086834733894,"'c__Betaproteobacteria'",3896500,96.031746031746,6.2962962962963
"3300026302-bin.13","3300026282-bin.4",99.47,99.47,0.94,0.93,"'c__Betaproteobacteria'",4304040,100,0,"'c__Betaproteobacteria'",4343859,100,0.504201680672269
"3300026302-bin.13","3300026283-bin.2",99.98,99.98,0.91,0.99,"'c__Betaproteobacteria'",4304040,100,0,"'c__Betaproteobacteria'",3934843,99.3650793650794,0
"3300026302-bin.13","3300026284-bin.34",99.89,99.89,0.87,0.95,"'c__Betaproteobacteria'",4304040,100,0,"'c__Betaproteobacteria'",3896500,96.031746031746,6.2962962962963
"3300026302-bin.13","3300026286-bin.25",100,100,1,1,"'c__Betaproteobacteria'",4304040,100,0,"'c__Betaproteobacteria'",4295075,100,0
"3300026302-bin.13","3300026287-bin.11",99.52,99.52,0.74,0.94,"'c__Betaproteobacteria'",4304040,100,0,"'c__Betaproteobacteria'",3412878,70.9523809523809,0.0280112044817927
"3300026302-bin.13","3300026288-bin.41",99.62,99.62,0.92,0.95,"'c__Betaproteobacteria'",4304040,100,0,"'c__Betaproteobacteria'",4173611,100,0.742296918767507
"3300026302-bin.13","3300026289-bin.9",99.57,99.57,0.94,0.95,"'c__Betaproteobacteria'",4304040,100,0,"'c__Betaproteobacteria'",4293485,99.2857142857143,0.0280112044817927
"3300026302-bin.13","3300026299-bin.9",99.59,99.59,0.95,0.92,"'c__Betaproteobacteria'",4304040,100,0,"'c__Betaproteobacteria'",4437306,100,2.17086834733894
"3300026302-bin.17","3300009517-bin.28",99.81,99.81,0.66,0.9,"'c__Betaproteobacteria'",4687952,99.8412698412698,0.238095238095238,"'c__Betaproteobacteria'",3391220,77.271372876636,1.66666666666667
"3300026302-bin.17","3300026282-bin.29",99.99,99.99,0.99,0.99,"'c__Betaproteobacteria'",4687952,99.8412698412698,0.238095238095238,"'c__Betaproteobacteria'",4705999,99.8412698412698,0.238095238095238
"3300026302-bin.17","3300026283-bin.31",99.99,99.99,0.99,0.99,"'c__Betaproteobacteria'",4687952,99.8412698412698,0.238095238095238,"'c__Betaproteobacteria'",4707168,99.8412698412698,0.238095238095238
"3300026302-bin.17","3300026284-bin.9",99.97,99.97,0.99,0.98,"'c__Betaproteobacteria'",4687952,99.8412698412698,0.238095238095238,"'c__Betaproteobacteria'",4755952,99.8412698412698,0.238095238095238
"3300026302-bin.17","3300026286-bin.30",99.99,99.99,0.77,0.96,"'c__Betaproteobacteria'",4687952,99.8412698412698,0.238095238095238,"'c__Betaproteobacteria'",3709601,87.9074524546661,1.58730158730159
"3300026302-bin.17","3300026287-bin.6",99.97,99.98,0.6,0.94,"'c__Betaproteobacteria'",4687952,99.8412698412698,0.238095238095238,"'c__Betaproteobacteria'",2946063,68.4034808500753,0.714285714285714
"3300026302-bin.17","3300026288-bin.13",100,100,0.99,0.98,"'c__Betaproteobacteria'",4687952,99.8412698412698,0.238095238095238,"'c__Betaproteobacteria'",4740729,99.8412698412698,0.238095238095238
"3300026302-bin.17","3300026303-bin.18",99.99,99.99,0.98,0.99,"'c__Betaproteobacteria'",4687952,99.8412698412698,0.238095238095238,"'c__Betaproteobacteria'",4673485,99.3650793650794,0.238095238095238
"3300026302-bin.18","3300009517-bin.13",100,100,0.99,0.99,"'o__Burkholderiales'",4424497,99.8442367601246,0.058411214953271,"'o__Burkholderiales'",4422216,99.8442367601246,0.058411214953271
"3300026302-bin.19","3300026286-bin.15",100,100,0.97,0.94,"'o__Actinomycetales'",3537019,97.2972972972973,0.648648648648649,"'o__Actinomycetales'",3641867,98.6486486486486,0.725868725868726
"3300026302-bin.20","3300009517-bin.27",100,100,0.99,1,"'o__Burkholderiales'",3508081,100,0.700934579439252,"'o__Burkholderiales'",3484508,99.0654205607477,0.700934579439252
"3300026302-bin.20","3300026286-bin.19",99.99,99.99,0.98,0.98,"'o__Burkholderiales'",3508081,100,0.700934579439252,"'o__Burkholderiales'",3490759,99.9104361370716,0.934579439252336
"3300026302-bin.22","3300026288-bin.6",100,100,0.96,0.76,"'k__Bacteria'",2493229,79.4650205761317,0.925925925925926,"'k__Bacteria'",3165353,93.9814814814815,0.925925925925926
"3300026302-bin.26","3300026282-bin.15",100,100,0.98,0.99,"'o__Actinomycetales'",3142539,98.018018018018,0.617760617760618,"'o__Actinomycetales'",3093982,98.018018018018,0.540540540540541
"3300026302-bin.26","3300026283-bin.10",100,100,0.98,0.99,"'o__Actinomycetales'",3142539,98.018018018018,0.617760617760618,"'o__Actinomycetales'",3100170,98.018018018018,0.540540540540541
"3300026302-bin.26","3300026286-bin.24",100,100,0.97,1,"'o__Actinomycetales'",3142539,98.018018018018,0.617760617760618,"'o__Actinomycetales'",3056910,98.018018018018,0.540540540540541
"3300026302-bin.26","3300026288-bin.39",99.99,99.99,0.97,1,"'o__Actinomycetales'",3142539,98.018018018018,0.617760617760618,"'o__Actinomycetales'",3067318,95.8558558558559,0.585585585585586
"3300026302-bin.26","3300026299-bin.22",100,100,0.98,0.99,"'o__Actinomycetales'",3142539,98.018018018018,0.617760617760618,"'o__Actinomycetales'",3083730,98.018018018018,0.540540540540541
"3300026302-bin.26","3300026303-bin.14",99.96,99.96,0.52,0.96,"'o__Actinomycetales'",3142539,98.018018018018,0.617760617760618,"'o__Actinomycetales'",1700865,48.3796653796654,0
"3300026302-bin.27","3300026303-bin.10",99.59,99.59,0.6,0.93,"'p__Bacteroidetes'",3975247,97.3070607553366,1.97044334975369,"'p__Bacteroidetes'",2551376,69.8248494800219,1.33004926108374
"3300026302-bin.28","3300026288-bin.23",99.98,99.98,0.96,0.88,"'o__Burkholderiales'",3928692,91.3209531901121,0.58411214953271,"'o__Burkholderiales'",4265696,98.481308411215,0.981308411214953
"3300026302-bin.32","3300026286-bin.37",100,100,0.98,0.99,"'p__Bacteroidetes'",3899556,99.5238095238095,0,"'p__Bacteroidetes'",3880715,99.0476190476191,0.238095238095238
"3300026302-bin.4","3300026284-bin.7",99.73,99.73,0.88,0.77,"'o__Rhizobiales'",4265044,80.3471050022774,4.44096133751306,"'o__Rhizobiales'",4873683,97.4358974358974,0.783699059561129
"3300026302-bin.4","3300026289-bin.24",99.72,99.72,0.91,0.77,"'o__Rhizobiales'",4265044,80.3471050022774,4.44096133751306,"'o__Rhizobiales'",5028743,99.2685475444096,0.783699059561129
"3300026302-bin.40","3300009517-bin.38",99.52,99.52,0.67,0.85,"'o__Actinomycetales'",3863479,96.9164715066354,1.09289617486339,"'o__Actinomycetales'",3027782,58.5675253708041,3.82513661202186
"3300026302-bin.40","3300026282-bin.34",99.86,99.86,0.95,0.92,"'o__Actinomycetales'",3863479,96.9164715066354,1.09289617486339,"'o__Actinomycetales'",4012101,97.1766848816029,0.819672131147541
"3300026302-bin.40","3300026283-bin.15",99.83,99.83,0.8,0.9,"'o__Actinomycetales'",3863479,96.9164715066354,1.09289617486339,"'o__Actinomycetales'",3441846,83.7613843351548,1.71740827478532
"3300026302-bin.40","3300026286-bin.6",99.75,99.75,0.56,0.92,"'o__Actinomycetales'",3863479,96.9164715066354,1.09289617486339,"'o__Actinomycetales'",2367902,68.5206869633099,0.728597449908925
"3300026302-bin.40","3300026287-bin.16",99.77,99.77,0.66,0.93,"'o__Actinomycetales'",3863479,96.9164715066354,1.09289617486339,"'o__Actinomycetales'",2763225,68.7874056726516,0.728597449908925
"3300026302-bin.40","3300026289-bin.6",99.87,99.87,0.97,0.91,"'o__Actinomycetales'",3863479,96.9164715066354,1.09289617486339,"'o__Actinomycetales'",4094279,99.2714025500911,0.546448087431694
"3300026302-bin.40","3300026299-bin.10",99.87,99.87,0.96,0.92,"'o__Actinomycetales'",3863479,96.9164715066354,1.09289617486339,"'o__Actinomycetales'",4048060,99.4535519125683,0.624512099921936
"3300026302-bin.40","3300026303-bin.46",99.86,99.86,0.97,0.92,"'o__Actinomycetales'",3863479,96.9164715066354,1.09289617486339,"'o__Actinomycetales'",4070868,99.4535519125683,0.546448087431694
"3300026302-bin.44","3300009517-bin.25",99.97,99.97,0.94,0.73,"'o__Actinomycetales'",3207473,72.2509652509653,0.810810810810811,"'o__Actinomycetales'",4139388,98.8648648648649,0.540540540540541
"3300026302-bin.44","3300026282-bin.26",99.95,99.95,0.94,0.73,"'o__Actinomycetales'",3207473,72.2509652509653,0.810810810810811,"'o__Actinomycetales'",4142505,98.9189189189189,0.540540540540541
"3300026302-bin.44","3300026283-bin.20",99.96,99.96,0.94,0.73,"'o__Actinomycetales'",3207473,72.2509652509653,0.810810810810811,"'o__Actinomycetales'",4155238,98.9189189189189,1.08108108108108
"3300026302-bin.44","3300026286-bin.27",99.97,99.97,0.94,0.73,"'o__Actinomycetales'",3207473,72.2509652509653,0.810810810810811,"'o__Actinomycetales'",4129518,98.9189189189189,0.594594594594595
"3300026302-bin.44","3300026288-bin.43",99.95,99.95,0.95,0.73,"'o__Actinomycetales'",3207473,72.2509652509653,0.810810810810811,"'o__Actinomycetales'",4195066,99.4535519125683,1.91256830601093
"3300026302-bin.44","3300026289-bin.20",99.97,99.97,0.92,0.73,"'o__Actinomycetales'",3207473,72.2509652509653,0.810810810810811,"'o__Actinomycetales'",4073711,98.9189189189189,0.720720720720721
"3300026302-bin.44","3300026303-bin.41",99.95,99.95,0.91,0.73,"'o__Actinomycetales'",3207473,72.2509652509653,0.810810810810811,"'o__Actinomycetales'",4012819,97.8378378378378,0
"3300026302-bin.45","3300009517-bin.12",100,100,0.99,0.99,"'o__Cytophagales'",7522441,100,0,"'o__Cytophagales'",7521840,100,0
"3300026302-bin.46","3300026303-bin.22",99.99,99.99,0.91,0.95,"'f__Xanthomonadaceae'",3641589,99.9507389162562,0.890804597701149,"'f__Xanthomonadaceae'",3519879,93.7659849728815,1.88192267502612
"3300026302-bin.47","3300026284-bin.15",99.63,99.63,0.94,0.98,"'f__Xanthomonadaceae'",2992856,99.0229885057471,0,"'f__Xanthomonadaceae'",2888150,99.0229885057471,0.344827586206897
"3300026302-bin.47","3300026287-bin.1",100,100,0.97,1,"'f__Xanthomonadaceae'",2992856,99.0229885057471,0,"'f__Xanthomonadaceae'",2902371,99.0229885057471,0
"3300026302-bin.47","3300026299-bin.44",99.99,99.99,0.95,0.99,"'f__Xanthomonadaceae'",2992856,99.0229885057471,0,"'f__Xanthomonadaceae'",2861602,99.0229885057471,0
"3300026302-bin.55","3300026287-bin.29",99.99,99.99,0.97,0.8,"'c__Alphaproteobacteria'",2583150,84.9702732332602,1.08225108225108,"'c__Alphaproteobacteria'",3105221,100,0
"3300026302-bin.55","3300026303-bin.30",99.98,99.98,0.96,0.79,"'c__Alphaproteobacteria'",2583150,84.9702732332602,1.08225108225108,"'c__Alphaproteobacteria'",3133592,99.512987012987,1.76111767020858
"3300026302-bin.59","3300026287-bin.37",99.96,99.96,0.89,0.93,"'f__Xanthomonadaceae'",3663872,98.0985432192329,0.882594417077176,"'f__Xanthomonadaceae'",3524528,95.611658456486,0.701149425287356
"3300026302-bin.60","3300026286-bin.32",99.96,99.96,0.59,0.89,"'o__Burkholderiales'",6157568,98.0919003115265,0.514018691588785,"'o__Burkholderiales'",4113334,64.8055740987984,0.767690253671562
"3300026302-bin.62","3300026288-bin.17",100,100,0.98,0.99,"'k__Bacteria'",5174124,97.4358974358974,0.56980056980057,"'k__Bacteria'",5081691,97.4358974358974,0.56980056980057
"3300026302-bin.9","3300009517-bin.30",100,100,1,0.98,"'o__Flavobacteriales'",2734589,100,0.245098039215686,"'o__Flavobacteriales'",2783660,100,0.490196078431373
"3300026302-bin.9","3300026282-bin.17",99.9,99.9,0.99,0.98,"'o__Flavobacteriales'",2734589,100,0.245098039215686,"'o__Flavobacteriales'",2748949,99.2647058823529,0.245098039215686
"3300026302-bin.9","3300026283-bin.26",99.9,99.9,0.99,0.96,"'o__Flavobacteriales'",2734589,100,0.245098039215686,"'o__Flavobacteriales'",2829154,99.5098039215686,0.245098039215686
"3300026302-bin.9","3300026288-bin.5",99.92,99.92,0.99,0.97,"'o__Flavobacteriales'",2734589,100,0.245098039215686,"'o__Flavobacteriales'",2810790,99.5098039215686,0.408496732026144
"3300026302-bin.9","3300026303-bin.37",99.93,99.93,0.99,0.98,"'o__Flavobacteriales'",2734589,100,0.245098039215686,"'o__Flavobacteriales'",2757121,100,0.245098039215686
"3300026303-bin.14","3300026282-bin.15",99.92,99.92,0.95,0.52,"'o__Actinomycetales'",1700865,48.3796653796654,0,"'o__Actinomycetales'",3093982,98.018018018018,0.540540540540541
"3300026303-bin.18","3300026286-bin.30",100,100,0.77,0.96,"'c__Betaproteobacteria'",4673485,99.3650793650794,0.238095238095238,"'c__Betaproteobacteria'",3709601,87.9074524546661,1.58730158730159
"3300026303-bin.18","3300026287-bin.6",99.98,99.98,0.6,0.94,"'c__Betaproteobacteria'",4673485,99.3650793650794,0.238095238095238,"'c__Betaproteobacteria'",2946063,68.4034808500753,0.714285714285714
"3300026303-bin.19","3300026287-bin.4",99.99,99.99,0.95,0.94,"'o__Rhizobiales'",5671640,94.1430700447094,2.73224043715847,"'o__Rhizobiales'",5717539,99.5081967213115,2.18579234972678
"3300026303-bin.19","3300026289-bin.4",99.91,99.91,0.61,0.94,"'o__Rhizobiales'",5671640,94.1430700447094,2.73224043715847,"'o__Rhizobiales'",3719613,64.2362146050671,0.423497267759563
"3300026303-bin.2","3300026283-bin.8",99.96,99.96,0.86,0.96,"'f__Rhodobacteraceae'",3812335,99.3333333333333,0.151515151515152,"'f__Rhodobacteraceae'",3399877,91.3613053613054,1.38888888888889
"3300026303-bin.2","3300026289-bin.21",99.96,99.96,0.89,0.97,"'f__Rhodobacteraceae'",3812335,99.3333333333333,0.151515151515152,"'f__Rhodobacteraceae'",3485322,91.205044955045,1.51515151515152
"3300026303-bin.2","3300026299-bin.26",100,100,1,1,"'f__Rhodobacteraceae'",3812335,99.3333333333333,0.151515151515152,"'f__Rhodobacteraceae'",3808849,99.3333333333333,0.151515151515152
"3300026303-bin.25","3300026282-bin.4",99.52,99.51,0.93,0.92,"'c__Betaproteobacteria'",4344974,100,0.0280112044817927,"'c__Betaproteobacteria'",4343859,100,0.504201680672269
"3300026303-bin.25","3300026283-bin.2",99.74,99.74,0.9,0.98,"'c__Betaproteobacteria'",4344974,100,0.0280112044817927,"'c__Betaproteobacteria'",3934843,99.3650793650794,0
"3300026303-bin.25","3300026284-bin.34",99.82,99.82,0.86,0.95,"'c__Betaproteobacteria'",4344974,100,0.0280112044817927,"'c__Betaproteobacteria'",3896500,96.031746031746,6.2962962962963
"3300026303-bin.25","3300026286-bin.25",99.57,99.56,0.94,0.95,"'c__Betaproteobacteria'",4344974,100,0.0280112044817927,"'c__Betaproteobacteria'",4295075,100,0
"3300026303-bin.25","3300026287-bin.11",99.98,99.98,0.78,0.99,"'c__Betaproteobacteria'",4344974,100,0.0280112044817927,"'c__Betaproteobacteria'",3412878,70.9523809523809,0.0280112044817927
"3300026303-bin.25","3300026288-bin.41",99.58,99.58,0.92,0.95,"'c__Betaproteobacteria'",4344974,100,0.0280112044817927,"'c__Betaproteobacteria'",4173611,100,0.742296918767507
"3300026303-bin.25","3300026289-bin.9",99.99,99.99,0.98,0.99,"'c__Betaproteobacteria'",4344974,100,0.0280112044817927,"'c__Betaproteobacteria'",4293485,99.2857142857143,0.0280112044817927
"3300026303-bin.25","3300026299-bin.9",99.98,99.98,0.98,0.95,"'c__Betaproteobacteria'",4344974,100,0.0280112044817927,"'c__Betaproteobacteria'",4437306,100,2.17086834733894
"3300026303-bin.25","3300026302-bin.13",99.57,99.56,0.94,0.94,"'c__Betaproteobacteria'",4344974,100,0.0280112044817927,"'c__Betaproteobacteria'",4304040,100,0
"3300026303-bin.28","3300026299-bin.4",100,100,0.99,0.98,"'o__Rhizobiales'",3907283,99.6835443037975,0.215765247410817,"'o__Rhizobiales'",3928868,99.6835443037975,0.0287686996547756
"3300026303-bin.29","3300026282-bin.3",99.93,99.93,0.92,0.96,"'f__Rhodobacteraceae'",4082262,97.7929292929293,1.07864357864358,"'f__Rhodobacteraceae'",3890882,99.5353535353536,0.757575757575758
"3300026303-bin.29","3300026283-bin.11",99.94,99.94,0.89,0.92,"'f__Rhodobacteraceae'",4082262,97.7929292929293,1.07864357864358,"'f__Rhodobacteraceae'",3945089,92.1994949494949,1.82828282828283
"3300026303-bin.29","3300026288-bin.19",99.94,99.94,0.94,0.96,"'f__Rhodobacteraceae'",4082262,97.7929292929293,1.07864357864358,"'f__Rhodobacteraceae'",3981499,99.5353535353536,0.757575757575758
"3300026303-bin.29","3300026289-bin.44",99.82,99.83,0.68,0.89,"'f__Rhodobacteraceae'",4082262,97.7929292929293,1.07864357864358,"'f__Rhodobacteraceae'",3110174,72.8765401265401,1.77777777777778
"3300026303-bin.29","3300026302-bin.33",99.04,99.04,0.53,0.95,"'f__Rhodobacteraceae'",4082262,97.7929292929293,1.07864357864358,"'f__Rhodobacteraceae'",2278051,60.0426795426795,0.858585858585859
"3300026303-bin.30","3300026287-bin.29",100,100,0.99,0.98,"'c__Alphaproteobacteria'",3133592,99.512987012987,1.76111767020858,"'c__Alphaproteobacteria'",3105221,100,0
"3300026303-bin.30","3300026289-bin.27",99.98,99.99,0.6,0.95,"'c__Alphaproteobacteria'",3133592,99.512987012987,1.76111767020858,"'c__Alphaproteobacteria'",1929111,68.7015095294316,0.497835497835498
"3300026303-bin.32","3300026282-bin.16",99.95,99.95,0.6,0.95,"'f__Xanthomonadaceae'",4412650,99.8817733990148,0.666666666666667,"'f__Xanthomonadaceae'",2801990,71.5825615954926,0.655172413793103
"3300026303-bin.32","3300026284-bin.33",99.13,99.13,0.88,0.95,"'f__Xanthomonadaceae'",4412650,99.8817733990148,0.666666666666667,"'f__Xanthomonadaceae'",4098087,99.2266009852217,0.632183908045977
"3300026303-bin.32","3300026289-bin.39",99.98,99.98,0.82,0.96,"'f__Xanthomonadaceae'",4412650,99.8817733990148,0.666666666666667,"'f__Xanthomonadaceae'",3754779,93.3212917350848,2.17528735632184
"3300026303-bin.33","3300026283-bin.29",99.99,99.99,0.98,0.99,"'f__Xanthomonadaceae'",3813763,98.8300492610838,0.804597701149425,"'k__Bacteria'",3767757,83.9655172413793,0
"3300026303-bin.37","3300009517-bin.30",99.93,99.93,0.98,0.97,"'o__Flavobacteriales'",2757121,100,0.245098039215686,"'o__Flavobacteriales'",2783660,100,0.490196078431373
"3300026303-bin.37","3300026282-bin.17",99.96,99.96,0.99,0.99,"'o__Flavobacteriales'",2757121,100,0.245098039215686,"'o__Flavobacteriales'",2748949,99.2647058823529,0.245098039215686
"3300026303-bin.37","3300026283-bin.26",99.95,99.95,0.99,0.97,"'o__Flavobacteriales'",2757121,100,0.245098039215686,"'o__Flavobacteriales'",2829154,99.5098039215686,0.245098039215686
"3300026303-bin.37","3300026288-bin.5",99.96,99.96,0.99,0.97,"'o__Flavobacteriales'",2757121,100,0.245098039215686,"'o__Flavobacteriales'",2810790,99.5098039215686,0.408496732026144
"3300026303-bin.38","3300026299-bin.36",99.89,99.9,0.57,0.89,"'o__Rhizobiales'",3649163,94.8981619473423,1.05191256830601,"'o__Rhizobiales'",2344967,54.0789037920185,0.956284153005464
"3300026303-bin.41","3300009517-bin.25",99.99,99.99,0.99,0.96,"'o__Actinomycetales'",4012819,97.8378378378378,0,"'o__Actinomycetales'",4139388,98.8648648648649,0.540540540540541
"3300026303-bin.41","3300026282-bin.26",99.99,99.99,0.99,0.96,"'o__Actinomycetales'",4012819,97.8378378378378,0,"'o__Actinomycetales'",4142505,98.9189189189189,0.540540540540541
"3300026303-bin.41","3300026283-bin.20",100,100,0.98,0.95,"'o__Actinomycetales'",4012819,97.8378378378378,0,"'o__Actinomycetales'",4155238,98.9189189189189,1.08108108108108
"3300026303-bin.41","3300026286-bin.27",99.98,99.98,0.98,0.95,"'o__Actinomycetales'",4012819,97.8378378378378,0,"'o__Actinomycetales'",4129518,98.9189189189189,0.594594594594595
"3300026303-bin.41","3300026289-bin.20",99.99,99.99,0.98,0.96,"'o__Actinomycetales'",4012819,97.8378378378378,0,"'o__Actinomycetales'",4073711,98.9189189189189,0.720720720720721
"3300026303-bin.42","3300026288-bin.16",100,100,0.98,0.99,"'p__Bacteroidetes'",4147469,98.0295566502463,0,"'p__Bacteroidetes'",4117668,97.0443349753695,0
"3300026303-bin.46","3300009517-bin.38",99.47,99.47,0.66,0.88,"'o__Actinomycetales'",4070868,99.4535519125683,0.546448087431694,"'o__Actinomycetales'",3027782,58.5675253708041,3.82513661202186
"3300026303-bin.46","3300026282-bin.34",99.95,99.95,0.96,0.98,"'o__Actinomycetales'",4070868,99.4535519125683,0.546448087431694,"'o__Actinomycetales'",4012101,97.1766848816029,0.819672131147541
"3300026303-bin.46","3300026283-bin.15",99.99,99.99,0.81,0.96,"'o__Actinomycetales'",4070868,99.4535519125683,0.546448087431694,"'o__Actinomycetales'",3441846,83.7613843351548,1.71740827478532
"3300026303-bin.46","3300026286-bin.6",99.68,99.68,0.56,0.95,"'o__Actinomycetales'",4070868,99.4535519125683,0.546448087431694,"'o__Actinomycetales'",2367902,68.5206869633099,0.728597449908925
"3300026303-bin.46","3300026287-bin.16",99.75,99.75,0.65,0.95,"'o__Actinomycetales'",4070868,99.4535519125683,0.546448087431694,"'o__Actinomycetales'",2763225,68.7874056726516,0.728597449908925
"3300026303-bin.46","3300026299-bin.10",99.99,99.99,0.99,0.99,"'o__Actinomycetales'",4070868,99.4535519125683,0.546448087431694,"'o__Actinomycetales'",4048060,99.4535519125683,0.624512099921936
"3300026303-bin.50","3300009517-bin.31",100,100,0.96,0.82,"'f__Flavobacteriaceae'",2610543,86.4844089021139,0.353356890459364,"'f__Flavobacteriaceae'",3088261,99.2932862190813,0.353356890459364
